[2025-12-03 08:08:14.000000] [Memory: 0.41MB] === SCRIPT STARTED ===
[2025-12-03 08:08:14.000000] [Memory: 0.41MB] PHP Version: 7.4.33
[2025-12-03 08:08:14.000000] [Memory: 0.41MB] Memory Limit: 512M
[2025-12-03 08:08:14.000000] [Memory: 0.41MB] Loading config files...
[2025-12-03 13:38:14.000000] [Memory: 0.49MB] ✓ config.php loaded successfully
[2025-12-03 13:38:14.000000] [Memory: 0.49MB] ✓ number_to_wordConvert.php loaded successfully
[2025-12-03 13:38:14.000000] [Memory: 0.49MB] Collecting POST data...
[2025-12-03 13:38:14.000000] [Memory: 0.49MB] Static_LeadID: 80521
[03-Dec-2025 13:38:14 Asia/Kolkata] PHP Notice:  Undefined index: PromotionalCheck1 in /home/u444388293/domains/sarsspl.com/public_html/Lead_Management/Loyaltician/clubfourpoints/MemberCreation_Process.php on line 167
[2025-12-03 13:38:14.000000] [Memory: 0.49MB] Attachment path set: https://sarsspl.com/Lead_Management/Loyaltician/clubfourpoints/Leadpdf/memberpdf/Mr. Rahul P Hivlekar.pdf
[2025-12-03 13:38:14.000000] [Memory: 0.49MB] Loading TCPDF library...
[2025-12-03 13:38:14.000000] [Memory: 0.49MB] ✓ tcpdf_include.php loaded
[2025-12-03 13:38:14.000000] [Memory: 0.64MB] ✓ tcpdf.php loaded
[2025-12-03 13:38:14.000000] [Memory: 0.78MB] Creating PDF document...
[03-Dec-2025 13:38:14 Asia/Kolkata] PHP Warning:  chr() expects parameter 1 to be int, string given in /home/u444388293/domains/sarsspl.com/public_html/Lead_Management/Loyaltician/clubfourpoints/Leadpdf/generatepdf/TCPDF-master/include/tcpdf_fonts.php on line 1671
[2025-12-03 13:38:14.000000] [Memory: 0.82MB] ✓ PDF object created successfully
[2025-12-03 13:38:14.000000] [Memory: 0.82MB] Configuring PDF settings...
[2025-12-03 13:38:14.000000] [Memory: 0.84MB] ✓ PDF configured
[03-Dec-2025 13:38:14 Asia/Kolkata] PHP Notice:  Undefined variable: MembershipDetails_Level in /home/u444388293/domains/sarsspl.com/public_html/Lead_Management/Loyaltician/clubfourpoints/MemberCreation_Process.php on line 319
[03-Dec-2025 13:38:14 Asia/Kolkata] PHP Notice:  Undefined variable: MembershipDetails_Level in /home/u444388293/domains/sarsspl.com/public_html/Lead_Management/Loyaltician/clubfourpoints/MemberCreation_Process.php on line 319
[2025-12-03 13:38:14.000000] [Memory: 0.87MB] Querying Members table for LeadID: 80521
[2025-12-03 13:38:14.000000] [Memory: 0.89MB] ✓ Members data fetched, Level: 2
[2025-12-03 13:38:14.000000] [Memory: 0.89MB] Querying Level table...
[2025-12-03 13:38:14.000000] [Memory: 0.9MB] ✓ Level data fetched
[2025-12-03 13:38:14.000000] [Memory: 0.9MB] Querying voucher_Booklet table...
[2025-12-03 13:38:14.000000] [Memory: 0.92MB] ✓ Voucher booklet data fetched
[2025-12-03 13:38:14.000000] [Memory: 0.92MB] Starting database transaction...
[2025-12-03 13:38:14.000000] [Memory: 0.92MB] ✓ Transaction started
[2025-12-03 13:38:14.000000] [Memory: 0.92MB] Updating Members table...
[2025-12-03 13:38:14.000000] [Memory: 0.92MB] ✓ Members table updated successfully
[2025-12-03 13:38:14.000000] [Memory: 0.92MB] Updating Leads_table...
[2025-12-03 13:38:14.000000] [Memory: 0.92MB] ✓ Leads_table updated
[2025-12-03 13:38:14.000000] [Memory: 0.92MB] Updating voucher_Booklet...
[2025-12-03 13:38:14.000000] [Memory: 0.92MB] ✓ voucher_Booklet updated
[2025-12-03 13:38:14.000000] [Memory: 0.94MB] Inserting BarcodeScan records, count: 36
[2025-12-03 13:38:14.000000] [Memory: 0.94MB] ✓ BarcodeScan records inserted
[03-Dec-2025 13:38:14 Asia/Kolkata] PHP Notice:  Undefined variable: htmtab1_body in /home/u444388293/domains/sarsspl.com/public_html/Lead_Management/Loyaltician/clubfourpoints/MemberCreation_Process.php on line 1677
[03-Dec-2025 13:38:14 Asia/Kolkata] PHP Notice:  Undefined variable: tbl_footer in /home/u444388293/domains/sarsspl.com/public_html/Lead_Management/Loyaltician/clubfourpoints/MemberCreation_Process.php on line 1677
[2025-12-03 13:38:14.000000] [Memory: 1.25MB] Sending email to customer (Level 2 - Platinum)...
[2025-12-03 13:40:15.000000] [Memory: 1.81MB] ✓ Customer email sent (Platinum), Response: <br />
<b>Warning</b>:  "continue" targeting switch is equivalent to "break". Did you mean to use "continue 2"? in <b>/home/u444388293/domains/sarsspl.com/public_html/SarMailor_APIS/Leadpdf/generatepd
[2025-12-03 13:40:15.000000] [Memory: 1.81MB] Preparing enrollment statistics...
[03-Dec-2025 13:40:15 Asia/Kolkata] PHP Notice:  Undefined variable: message1 in /home/u444388293/domains/sarsspl.com/public_html/Lead_Management/Loyaltician/clubfourpoints/MemberCreation_Process.php on line 2365
[2025-12-03 13:40:15.000000] [Memory: 1.99MB] Sending internal notification email...
[2025-12-03 13:42:15.000000] [Memory: 1.91MB] ✓ Internal notification sent, Response: <br />
<b>Warning</b>:  "continue" targeting switch is equivalent to "break". Did you mean to use "continue 2"? in <b>/home/u444388293/domains/sarsspl.com/public_html/SarMailor_APIS/Leadpdf/generatepd
[2025-12-03 13:42:15.000000] [Memory: 1.91MB] Sending log details email...
[2025-12-03 08:25:55.000000] [Memory: 0.41MB] === SCRIPT STARTED ===
[2025-12-03 08:25:55.000000] [Memory: 0.41MB] PHP Version: 7.4.33
[2025-12-03 08:25:55.000000] [Memory: 0.41MB] Memory Limit: 512M
[2025-12-03 08:25:55.000000] [Memory: 0.41MB] Loading config files...
[2025-12-03 13:55:55.000000] [Memory: 0.49MB] ✓ config.php loaded successfully
[2025-12-03 13:55:55.000000] [Memory: 0.49MB] ✓ number_to_wordConvert.php loaded successfully
[2025-12-03 13:55:55.000000] [Memory: 0.49MB] Collecting POST data...
[2025-12-03 13:55:55.000000] [Memory: 0.49MB] Static_LeadID: 80521
[03-Dec-2025 13:55:55 Asia/Kolkata] PHP Notice:  Undefined index: PromotionalCheck1 in /home/u444388293/domains/sarsspl.com/public_html/Lead_Management/Loyaltician/clubfourpoints/MemberCreation_Process.php on line 167
[2025-12-03 13:55:55.000000] [Memory: 0.49MB] Attachment path set: https://sarsspl.com/Lead_Management/Loyaltician/clubfourpoints/Leadpdf/memberpdf/Mr. Rahul P Hivlekar.pdf
[2025-12-03 13:55:55.000000] [Memory: 0.49MB] Loading TCPDF library...
[2025-12-03 13:55:55.000000] [Memory: 0.49MB] ✓ tcpdf_include.php loaded
[2025-12-03 13:55:55.000000] [Memory: 0.64MB] ✓ tcpdf.php loaded
[2025-12-03 13:55:55.000000] [Memory: 0.78MB] Creating PDF document...
[03-Dec-2025 13:55:55 Asia/Kolkata] PHP Warning:  chr() expects parameter 1 to be int, string given in /home/u444388293/domains/sarsspl.com/public_html/Lead_Management/Loyaltician/clubfourpoints/Leadpdf/generatepdf/TCPDF-master/include/tcpdf_fonts.php on line 1671
[2025-12-03 13:55:55.000000] [Memory: 0.82MB] ✓ PDF object created successfully
[2025-12-03 13:55:55.000000] [Memory: 0.82MB] Configuring PDF settings...
[2025-12-03 13:55:55.000000] [Memory: 0.84MB] ✓ PDF configured
[03-Dec-2025 13:55:55 Asia/Kolkata] PHP Notice:  Undefined variable: MembershipDetails_Level in /home/u444388293/domains/sarsspl.com/public_html/Lead_Management/Loyaltician/clubfourpoints/MemberCreation_Process.php on line 319
[03-Dec-2025 13:55:55 Asia/Kolkata] PHP Notice:  Undefined variable: MembershipDetails_Level in /home/u444388293/domains/sarsspl.com/public_html/Lead_Management/Loyaltician/clubfourpoints/MemberCreation_Process.php on line 319
[2025-12-03 13:55:55.000000] [Memory: 0.87MB] Querying Members table for LeadID: 80521
[2025-12-03 13:55:55.000000] [Memory: 0.89MB] ✓ Members data fetched, Level: 2
[2025-12-03 13:55:55.000000] [Memory: 0.89MB] Querying Level table...
[2025-12-03 13:55:55.000000] [Memory: 0.9MB] ✓ Level data fetched
[2025-12-03 13:55:55.000000] [Memory: 0.9MB] Querying voucher_Booklet table...
[2025-12-03 13:55:55.000000] [Memory: 0.92MB] ✓ Voucher booklet data fetched
[2025-12-03 13:55:55.000000] [Memory: 0.92MB] Starting database transaction...
[2025-12-03 13:55:55.000000] [Memory: 0.92MB] ✓ Transaction started
[2025-12-03 13:55:55.000000] [Memory: 0.92MB] Updating Members table...
[2025-12-03 13:55:55.000000] [Memory: 0.92MB] ✓ Members table updated successfully
[2025-12-03 13:55:55.000000] [Memory: 0.92MB] Updating Leads_table...
[2025-12-03 13:55:55.000000] [Memory: 0.92MB] ✓ Leads_table updated
[2025-12-03 13:55:55.000000] [Memory: 0.92MB] Updating voucher_Booklet...
[2025-12-03 13:55:55.000000] [Memory: 0.92MB] ✓ voucher_Booklet updated
[2025-12-03 13:55:55.000000] [Memory: 0.94MB] Inserting BarcodeScan records, count: 36
[2025-12-03 13:55:55.000000] [Memory: 0.94MB] ✓ BarcodeScan records inserted
[2025-12-03 13:55:55.000000] [Memory: 1.01MB] Processing membership level: 2
[2025-12-03 13:55:55.000000] [Memory: 1.25MB] Sending email to customer (Level 2 - Platinum)...
[2025-12-03 13:55:55.000000] [Memory: 1.25MB] Recipient: rahul.hivlekar@gmail.com
[2025-12-03 13:58:06.000000] [Memory: 1.82MB] ✓ Customer email sent (Platinum) in 130.3s, Response: <br />
<b>Warning</b>:  "continue" targeting switch is equivalent to "break". Did you mean to use "continue 2"? in <b>/home/u444388293/domains/sarsspl.com/public_html/SarMailor_APIS/Leadpdf/generatepd
[2025-12-03 13:58:06.000000] [Memory: 1.82MB] Preparing enrollment statistics...
[2025-12-03 13:58:06.000000] [Memory: 1.97MB] Preparing internal notification message...
[2025-12-03 13:58:06.000000] [Memory: 1.99MB] Building message1 table...
[2025-12-03 13:58:06.000000] [Memory: 2MB] Sending internal notification email...
[2025-12-03 08:37:54.000000] [Memory: 0.39MB] === SCRIPT STARTED ===
[2025-12-03 08:37:54.000000] [Memory: 0.39MB] PHP Version: 7.4.33
[2025-12-03 08:37:54.000000] [Memory: 0.39MB] Memory Limit: 512M
[2025-12-03 08:37:54.000000] [Memory: 0.39MB] Max Execution Time: 300s
[2025-12-03 08:37:54.000000] [Memory: 0.39MB] Loading config files...
[2025-12-03 14:07:54.000000] [Memory: 0.48MB] ✓ config.php loaded successfully
[2025-12-03 14:07:54.000000] [Memory: 0.48MB] ✓ number_to_wordConvert.php loaded successfully
[2025-12-03 14:07:54.000000] [Memory: 0.48MB] Collecting POST data...
[2025-12-03 14:07:54.000000] [Memory: 0.48MB] Static_LeadID: 80521
[03-Dec-2025 14:07:54 Asia/Kolkata] PHP Notice:  Undefined index: PromotionalCheck1 in /home/u444388293/domains/sarsspl.com/public_html/Lead_Management/Loyaltician/clubfourpoints/MemberCreation_Process.php on line 194
[2025-12-03 14:07:54.000000] [Memory: 0.48MB] Attachment path set: https://sarsspl.com/Lead_Management/Loyaltician/clubfourpoints/Leadpdf/memberpdf/Mr. Rahul P Hivlekar.pdf
[2025-12-03 14:07:54.000000] [Memory: 0.48MB] Loading TCPDF library...
[2025-12-03 14:07:54.000000] [Memory: 0.48MB] ✓ tcpdf_include.php loaded
[2025-12-03 14:07:54.000000] [Memory: 0.62MB] ✓ tcpdf.php loaded
[2025-12-03 14:07:54.000000] [Memory: 0.76MB] Creating PDF document...
[03-Dec-2025 14:07:54 Asia/Kolkata] PHP Warning:  chr() expects parameter 1 to be int, string given in /home/u444388293/domains/sarsspl.com/public_html/Lead_Management/Loyaltician/clubfourpoints/Leadpdf/generatepdf/TCPDF-master/include/tcpdf_fonts.php on line 1671
[2025-12-03 14:07:54.000000] [Memory: 0.81MB] ✓ PDF object created successfully
[2025-12-03 14:07:54.000000] [Memory: 0.81MB] Configuring PDF settings...
[2025-12-03 14:07:54.000000] [Memory: 0.82MB] ✓ PDF configured
[03-Dec-2025 14:07:54 Asia/Kolkata] PHP Notice:  Undefined variable: MembershipDetails_Level in /home/u444388293/domains/sarsspl.com/public_html/Lead_Management/Loyaltician/clubfourpoints/MemberCreation_Process.php on line 346
[03-Dec-2025 14:07:54 Asia/Kolkata] PHP Notice:  Undefined variable: MembershipDetails_Level in /home/u444388293/domains/sarsspl.com/public_html/Lead_Management/Loyaltician/clubfourpoints/MemberCreation_Process.php on line 346
[2025-12-03 14:07:54.000000] [Memory: 0.86MB] Querying Members table for LeadID: 80521
[2025-12-03 14:07:54.000000] [Memory: 0.87MB] ✓ Members data fetched, Level: 2
[2025-12-03 14:07:54.000000] [Memory: 0.87MB] Querying Level table...
[2025-12-03 14:07:54.000000] [Memory: 0.89MB] ✓ Level data fetched
[2025-12-03 14:07:54.000000] [Memory: 0.89MB] Querying voucher_Booklet table...
[2025-12-03 14:07:54.000000] [Memory: 0.9MB] ✓ Voucher booklet data fetched
[2025-12-03 14:07:54.000000] [Memory: 0.91MB] Starting database transaction...
[2025-12-03 14:07:54.000000] [Memory: 0.91MB] ✓ Transaction started
[2025-12-03 14:07:54.000000] [Memory: 0.91MB] Updating Members table...
[2025-12-03 14:07:54.000000] [Memory: 0.91MB] ✓ Members table updated successfully
[2025-12-03 14:07:54.000000] [Memory: 0.91MB] Updating Leads_table...
[2025-12-03 14:07:54.000000] [Memory: 0.91MB] ✓ Leads_table updated
[2025-12-03 14:07:54.000000] [Memory: 0.91MB] Updating voucher_Booklet...
[2025-12-03 14:07:54.000000] [Memory: 0.91MB] ✓ voucher_Booklet updated
[2025-12-03 14:07:54.000000] [Memory: 0.92MB] Inserting BarcodeScan records, count: 36
[2025-12-03 14:07:54.000000] [Memory: 0.92MB] ✓ BarcodeScan records inserted
[2025-12-03 14:07:54.000000] [Memory: 1MB] Processing membership level: 2
[2025-12-03 14:07:54.000000] [Memory: 1.24MB] Sending email to customer (Level 2 - Platinum)...
[2025-12-03 14:07:54.000000] [Memory: 1.24MB] Recipient: rahul.hivlekar@gmail.com
[2025-12-03 14:10:06.000000] [Memory: 1.81MB] ✓ Customer email sent (Platinum) in 132.85s
[2025-12-03 14:10:06.000000] [Memory: 1.81MB] Preparing enrollment statistics...
[2025-12-03 14:10:07.000000] [Memory: 1.95MB] Preparing internal notification message...
[2025-12-03 14:10:07.000000] [Memory: 1.97MB] Building message1 table...
[2025-12-03 14:10:07.000000] [Memory: 1.99MB] Sending internal notification email...
[2025-12-03 08:45:14.000000] [Memory: 0.39MB] === SCRIPT STARTED ===
[2025-12-03 08:45:14.000000] [Memory: 0.39MB] ⚠️ DEBUG MODE: Email API calls are DISABLED
[2025-12-03 08:45:14.000000] [Memory: 0.39MB] PHP Version: 7.4.33
[2025-12-03 08:45:14.000000] [Memory: 0.39MB] Memory Limit: 512M
[2025-12-03 08:45:14.000000] [Memory: 0.39MB] Max Execution Time: 300s
[2025-12-03 08:45:14.000000] [Memory: 0.39MB] Loading config files...
[2025-12-03 14:15:14.000000] [Memory: 0.48MB] ✓ config.php loaded successfully
[2025-12-03 14:15:14.000000] [Memory: 0.48MB] ✓ number_to_wordConvert.php loaded successfully
[2025-12-03 14:15:14.000000] [Memory: 0.48MB] Collecting POST data...
[2025-12-03 14:15:14.000000] [Memory: 0.48MB] Static_LeadID: 80521
[03-Dec-2025 14:15:14 Asia/Kolkata] PHP Notice:  Undefined index: PromotionalCheck1 in /home/u444388293/domains/sarsspl.com/public_html/Lead_Management/Loyaltician/clubfourpoints/MemberCreation_Process.php on line 198
[2025-12-03 14:15:14.000000] [Memory: 0.48MB] Attachment path set: https://sarsspl.com/Lead_Management/Loyaltician/clubfourpoints/Leadpdf/memberpdf/Mr. Rahul P Hivlekar.pdf
[2025-12-03 14:15:14.000000] [Memory: 0.48MB] Loading TCPDF library...
[2025-12-03 14:15:14.000000] [Memory: 0.48MB] ✓ tcpdf_include.php loaded
[2025-12-03 14:15:14.000000] [Memory: 0.62MB] ✓ tcpdf.php loaded
[2025-12-03 14:15:14.000000] [Memory: 0.76MB] Creating PDF document...
[03-Dec-2025 14:15:14 Asia/Kolkata] PHP Warning:  chr() expects parameter 1 to be int, string given in /home/u444388293/domains/sarsspl.com/public_html/Lead_Management/Loyaltician/clubfourpoints/Leadpdf/generatepdf/TCPDF-master/include/tcpdf_fonts.php on line 1671
[2025-12-03 14:15:14.000000] [Memory: 0.81MB] ✓ PDF object created successfully
[2025-12-03 14:15:14.000000] [Memory: 0.81MB] Configuring PDF settings...
[2025-12-03 14:15:14.000000] [Memory: 0.82MB] ✓ PDF configured
[03-Dec-2025 14:15:14 Asia/Kolkata] PHP Notice:  Undefined variable: MembershipDetails_Level in /home/u444388293/domains/sarsspl.com/public_html/Lead_Management/Loyaltician/clubfourpoints/MemberCreation_Process.php on line 350
[03-Dec-2025 14:15:14 Asia/Kolkata] PHP Notice:  Undefined variable: MembershipDetails_Level in /home/u444388293/domains/sarsspl.com/public_html/Lead_Management/Loyaltician/clubfourpoints/MemberCreation_Process.php on line 350
[2025-12-03 14:15:14.000000] [Memory: 0.86MB] Querying Members table for LeadID: 80521
[2025-12-03 14:15:14.000000] [Memory: 0.87MB] ✓ Members data fetched, Level: 2
[2025-12-03 14:15:14.000000] [Memory: 0.87MB] Querying Level table...
[2025-12-03 14:15:14.000000] [Memory: 0.89MB] ✓ Level data fetched
[2025-12-03 14:15:14.000000] [Memory: 0.89MB] Querying voucher_Booklet table...
[2025-12-03 14:15:14.000000] [Memory: 0.9MB] ✓ Voucher booklet data fetched
[2025-12-03 14:15:14.000000] [Memory: 0.91MB] Starting database transaction...
[2025-12-03 14:15:14.000000] [Memory: 0.91MB] ✓ Transaction started
[2025-12-03 14:15:14.000000] [Memory: 0.91MB] Updating Members table...
[2025-12-03 14:15:14.000000] [Memory: 0.91MB] ✓ Members table updated successfully
[2025-12-03 14:15:14.000000] [Memory: 0.91MB] Updating Leads_table...
[2025-12-03 14:15:14.000000] [Memory: 0.91MB] ✓ Leads_table updated
[2025-12-03 14:15:14.000000] [Memory: 0.91MB] Updating voucher_Booklet...
[2025-12-03 14:15:14.000000] [Memory: 0.91MB] ✓ voucher_Booklet updated
[2025-12-03 14:15:14.000000] [Memory: 0.92MB] Inserting BarcodeScan records, count: 36
[2025-12-03 14:15:14.000000] [Memory: 0.92MB] ✓ BarcodeScan records inserted
[2025-12-03 14:15:14.000000] [Memory: 1MB] Processing membership level: 2
[2025-12-03 14:15:14.000000] [Memory: 1.24MB] ⚠ SKIPPING email to customer (Level 2 - Platinum) - Email disabled for debugging
[2025-12-03 14:15:14.000000] [Memory: 1.24MB] Would send to: rahul.hivlekar@gmail.com
[2025-12-03 14:15:14.000000] [Memory: 1.24MB] Preparing enrollment statistics...
[2025-12-03 14:15:14.000000] [Memory: 1.38MB] Preparing internal notification message...
[2025-12-03 14:15:14.000000] [Memory: 1.4MB] Building message1 table...
[2025-12-03 14:15:14.000000] [Memory: 1.33MB] ⚠ SKIPPING internal notification email - Email disabled for debugging
[2025-12-03 14:15:14.000000] [Memory: 1.33MB] Sending log details email...
[2025-12-03 14:15:14.000000] [Memory: 1.33MB] ⚠ SKIPPING log details email - Email disabled for debugging
[2025-12-03 14:15:14.000000] [Memory: 1.33MB] Would send to: contactus@clubfourpoints.com
[2025-12-03 14:15:14.000000] [Memory: 1.33MB] Inserting voucher_Details: MembershipNumber=14623021, VoucherBookletNumber=14001021
[2025-12-03 14:15:14.000000] [Memory: 1.33MB] SQL Query: insert into voucher_Details (MembershipNumber,VoucherBookletNumber)values('14623021','14001021')
[2025-12-03 14:15:14.000000] [Memory: 1.33MB] ✓ voucher_Details inserted successfully
[2025-12-03 14:15:14.000000] [Memory: 1.33MB] Committing transaction...
[2025-12-03 14:15:14.000000] [Memory: 1.33MB] ✓ Transaction committed successfully
[2025-12-03 14:15:14.000000] [Memory: 1.33MB] === SCRIPT COMPLETED SUCCESSFULLY ===
[2025-12-03 14:15:14.000000] [Memory: 1.33MB] Total execution time: 0.05 seconds
[2025-12-03 14:15:14.000000] [Memory: 1.33MB] Peak memory usage: 1.95MB
[2025-12-03 08:54:12.000000] [Memory: 0.39MB] === SCRIPT STARTED ===
[2025-12-03 08:54:12.000000] [Memory: 0.39MB] ⚠️ DEBUG MODE: Email API calls are DISABLED
[2025-12-03 08:54:12.000000] [Memory: 0.39MB] PHP Version: 7.4.33
[2025-12-03 08:54:12.000000] [Memory: 0.39MB] Memory Limit: 512M
[2025-12-03 08:54:12.000000] [Memory: 0.39MB] Max Execution Time: 300s
[2025-12-03 08:54:12.000000] [Memory: 0.39MB] Loading config files...
[2025-12-03 14:24:12.000000] [Memory: 0.48MB] ✓ config.php loaded successfully
[2025-12-03 14:24:12.000000] [Memory: 0.48MB] ✓ number_to_wordConvert.php loaded successfully
[2025-12-03 14:24:12.000000] [Memory: 0.48MB] Collecting POST data...
[2025-12-03 14:24:12.000000] [Memory: 0.48MB] Static_LeadID: 80522
[2025-12-03 14:24:12.000000] [Memory: 0.48MB] Attachment path set: https://sarsspl.com/Lead_Management/Loyaltician/clubfourpoints/Leadpdf/memberpdf/Mr. Amit H Gharat.pdf
[2025-12-03 14:24:12.000000] [Memory: 0.48MB] Loading TCPDF library...
[2025-12-03 14:24:12.000000] [Memory: 0.48MB] ✓ tcpdf_include.php loaded
[2025-12-03 14:24:12.000000] [Memory: 0.62MB] ✓ tcpdf.php loaded
[2025-12-03 14:24:12.000000] [Memory: 0.76MB] Creating PDF document...
[03-Dec-2025 14:24:12 Asia/Kolkata] PHP Warning:  chr() expects parameter 1 to be int, string given in /home/u444388293/domains/sarsspl.com/public_html/Lead_Management/Loyaltician/clubfourpoints/Leadpdf/generatepdf/TCPDF-master/include/tcpdf_fonts.php on line 1671
[2025-12-03 14:24:12.000000] [Memory: 0.81MB] ✓ PDF object created successfully
[2025-12-03 14:24:12.000000] [Memory: 0.81MB] Configuring PDF settings...
[2025-12-03 14:24:12.000000] [Memory: 0.82MB] ✓ PDF configured
[03-Dec-2025 14:24:12 Asia/Kolkata] PHP Notice:  Undefined variable: MembershipDetails_Level in /home/u444388293/domains/sarsspl.com/public_html/Lead_Management/Loyaltician/clubfourpoints/MemberCreation_Process.php on line 350
[03-Dec-2025 14:24:12 Asia/Kolkata] PHP Notice:  Undefined variable: MembershipDetails_Level in /home/u444388293/domains/sarsspl.com/public_html/Lead_Management/Loyaltician/clubfourpoints/MemberCreation_Process.php on line 350
[2025-12-03 14:24:12.000000] [Memory: 0.86MB] Querying Members table for LeadID: 80522
[2025-12-03 14:24:12.000000] [Memory: 0.87MB] ✓ Members data fetched, Level: 1
[2025-12-03 14:24:12.000000] [Memory: 0.87MB] Querying Level table...
[2025-12-03 14:24:12.000000] [Memory: 0.89MB] ✓ Level data fetched
[2025-12-03 14:24:12.000000] [Memory: 0.89MB] Querying voucher_Booklet table...
[2025-12-03 14:24:12.000000] [Memory: 0.9MB] ✓ Voucher booklet data fetched
[2025-12-03 14:24:12.000000] [Memory: 0.9MB] Starting database transaction...
[2025-12-03 14:24:12.000000] [Memory: 0.9MB] ✓ Transaction started
[2025-12-03 14:24:12.000000] [Memory: 0.9MB] Updating Members table...
[2025-12-03 14:24:12.000000] [Memory: 0.9MB] ✓ Members table updated successfully
[2025-12-03 14:24:12.000000] [Memory: 0.9MB] Updating Leads_table...
[2025-12-03 14:24:12.000000] [Memory: 0.9MB] ✓ Leads_table updated
[2025-12-03 14:24:12.000000] [Memory: 0.9MB] Updating voucher_Booklet...
[2025-12-03 14:24:12.000000] [Memory: 0.9MB] ✓ voucher_Booklet updated
[2025-12-03 14:24:12.000000] [Memory: 0.92MB] Inserting BarcodeScan records, count: 27
[2025-12-03 14:24:12.000000] [Memory: 0.92MB] ✓ BarcodeScan records inserted
[2025-12-03 14:24:12.000000] [Memory: 1MB] Processing membership level: 1
[2025-12-03 14:24:12.000000] [Memory: 1MB] Creating Gold membership email and PDF...
[2025-12-03 14:24:12.000000] [Memory: 1.21MB] ⚠ SKIPPING email to customer (Level 1 - Gold) - Email disabled for debugging
[2025-12-03 14:24:12.000000] [Memory: 1.21MB] Would send to: amit999.ag@gmail.com
[2025-12-03 14:24:12.000000] [Memory: 1.21MB] Preparing enrollment statistics...
[2025-12-03 14:24:12.000000] [Memory: 1.35MB] Preparing internal notification message...
[2025-12-03 14:24:12.000000] [Memory: 1.37MB] Building message1 table...
[2025-12-03 14:24:12.000000] [Memory: 1.32MB] ⚠ SKIPPING internal notification email - Email disabled for debugging
[2025-12-03 14:24:12.000000] [Memory: 1.32MB] Sending log details email...
[2025-12-03 14:24:12.000000] [Memory: 1.32MB] ⚠ SKIPPING log details email - Email disabled for debugging
[2025-12-03 14:24:12.000000] [Memory: 1.32MB] Would send to: contactus@clubfourpoints.com
[2025-12-03 14:24:12.000000] [Memory: 1.32MB] Inserting voucher_Details: MembershipNumber=12757171, VoucherBookletNumber=12000597
[2025-12-03 14:24:12.000000] [Memory: 1.32MB] SQL Query: insert into voucher_Details (MembershipNumber,VoucherBookletNumber)values('12757171','12000597')
[2025-12-03 14:24:12.000000] [Memory: 1.32MB] ✓ voucher_Details inserted successfully
[2025-12-03 14:24:12.000000] [Memory: 1.32MB] Committing transaction...
[2025-12-03 14:24:12.000000] [Memory: 1.32MB] ✓ Transaction committed successfully
[2025-12-03 14:24:12.000000] [Memory: 1.32MB] === SCRIPT COMPLETED SUCCESSFULLY ===
[2025-12-03 14:24:12.000000] [Memory: 1.32MB] Total execution time: 0.06 seconds
[2025-12-03 14:24:12.000000] [Memory: 1.32MB] Peak memory usage: 1.93MB
[2025-12-03 09:01:30.000000] [Memory: 0.39MB] === SCRIPT STARTED ===
[2025-12-03 09:01:30.000000] [Memory: 0.39MB] ⚠️ DEBUG MODE: Email API calls are DISABLED
[2025-12-03 09:01:30.000000] [Memory: 0.39MB] PHP Version: 7.4.33
[2025-12-03 09:01:30.000000] [Memory: 0.39MB] Memory Limit: 512M
[2025-12-03 09:01:30.000000] [Memory: 0.39MB] Max Execution Time: 300s
[2025-12-03 09:01:30.000000] [Memory: 0.39MB] Loading config files...
[2025-12-03 14:31:30.000000] [Memory: 0.48MB] ✓ config.php loaded successfully
[2025-12-03 14:31:30.000000] [Memory: 0.48MB] ✓ number_to_wordConvert.php loaded successfully
[2025-12-03 14:31:30.000000] [Memory: 0.48MB] Collecting POST data...
[2025-12-03 14:31:30.000000] [Memory: 0.48MB] Static_LeadID: 80523
[2025-12-03 14:31:30.000000] [Memory: 0.48MB] Attachment path set: https://sarsspl.com/Lead_Management/Loyaltician/clubfourpoints/Leadpdf/memberpdf/Mr. Parthav Thakur.pdf
[2025-12-03 14:31:30.000000] [Memory: 0.48MB] Loading TCPDF library...
[2025-12-03 14:31:30.000000] [Memory: 0.48MB] ✓ tcpdf_include.php loaded
[2025-12-03 14:31:30.000000] [Memory: 0.62MB] ✓ tcpdf.php loaded
[2025-12-03 14:31:30.000000] [Memory: 0.76MB] Creating PDF document...
[03-Dec-2025 14:31:30 Asia/Kolkata] PHP Warning:  chr() expects parameter 1 to be int, string given in /home/u444388293/domains/sarsspl.com/public_html/Lead_Management/Loyaltician/clubfourpoints/Leadpdf/generatepdf/TCPDF-master/include/tcpdf_fonts.php on line 1671
[2025-12-03 14:31:30.000000] [Memory: 0.8MB] ✓ PDF object created successfully
[2025-12-03 14:31:30.000000] [Memory: 0.8MB] Configuring PDF settings...
[2025-12-03 14:31:30.000000] [Memory: 0.82MB] ✓ PDF configured
[03-Dec-2025 14:31:30 Asia/Kolkata] PHP Notice:  Undefined variable: MembershipDetails_Level in /home/u444388293/domains/sarsspl.com/public_html/Lead_Management/Loyaltician/clubfourpoints/MemberCreation_Process.php on line 350
[03-Dec-2025 14:31:30 Asia/Kolkata] PHP Notice:  Undefined variable: MembershipDetails_Level in /home/u444388293/domains/sarsspl.com/public_html/Lead_Management/Loyaltician/clubfourpoints/MemberCreation_Process.php on line 350
[2025-12-03 14:31:30.000000] [Memory: 0.85MB] Querying Members table for LeadID: 80523
[2025-12-03 14:31:30.000000] [Memory: 0.87MB] ✓ Members data fetched, Level: 1
[2025-12-03 14:31:30.000000] [Memory: 0.87MB] Querying Level table...
[2025-12-03 14:31:30.000000] [Memory: 0.89MB] ✓ Level data fetched
[2025-12-03 14:31:30.000000] [Memory: 0.89MB] Querying voucher_Booklet table...
[2025-12-03 14:31:30.000000] [Memory: 0.9MB] ✓ Voucher booklet data fetched
[2025-12-03 14:31:30.000000] [Memory: 0.9MB] Starting database transaction...
[2025-12-03 14:31:30.000000] [Memory: 0.9MB] ✓ Transaction started
[2025-12-03 14:31:30.000000] [Memory: 0.9MB] Updating Members table...
[2025-12-03 14:31:30.000000] [Memory: 0.9MB] ✓ Members table updated successfully
[2025-12-03 14:31:30.000000] [Memory: 0.9MB] Updating Leads_table...
[2025-12-03 14:31:30.000000] [Memory: 0.9MB] ✓ Leads_table updated
[2025-12-03 14:31:30.000000] [Memory: 0.9MB] Updating voucher_Booklet...
[2025-12-03 14:31:30.000000] [Memory: 0.9MB] ✓ voucher_Booklet updated
[2025-12-03 14:31:30.000000] [Memory: 0.92MB] Inserting BarcodeScan records, count: 27
[2025-12-03 14:31:30.000000] [Memory: 0.92MB] ✓ BarcodeScan records inserted
[2025-12-03 14:31:30.000000] [Memory: 1MB] Processing membership level: 1
[2025-12-03 14:31:30.000000] [Memory: 1MB] Creating Gold membership email and PDF...
[2025-12-03 14:31:30.000000] [Memory: 1.21MB] ⚠ SKIPPING email to customer (Level 1 - Gold) - Email disabled for debugging
[2025-12-03 14:31:30.000000] [Memory: 1.21MB] Would send to: parthav444@gmail.com
[2025-12-03 14:31:30.000000] [Memory: 1.21MB] Preparing enrollment statistics...
[2025-12-03 14:31:30.000000] [Memory: 1.35MB] Preparing internal notification message...
[2025-12-03 14:31:30.000000] [Memory: 1.37MB] Building message1 table...
[2025-12-03 14:31:30.000000] [Memory: 1.32MB] ⚠ SKIPPING internal notification email - Email disabled for debugging
[2025-12-03 14:31:30.000000] [Memory: 1.32MB] Sending log details email...
[2025-12-03 14:31:30.000000] [Memory: 1.32MB] ⚠ SKIPPING log details email - Email disabled for debugging
[2025-12-03 14:31:30.000000] [Memory: 1.32MB] Would send to: contactus@clubfourpoints.com
[2025-12-03 14:31:30.000000] [Memory: 1.32MB] Inserting voucher_Details: MembershipNumber=12793771, VoucherBookletNumber=12000598
[2025-12-03 14:31:30.000000] [Memory: 1.32MB] SQL Query: insert into voucher_Details (MembershipNumber,VoucherBookletNumber)values('12793771','12000598')
[2025-12-03 14:31:30.000000] [Memory: 1.32MB] ✓ voucher_Details inserted successfully
[2025-12-03 14:31:30.000000] [Memory: 1.32MB] Committing transaction...
[2025-12-03 14:31:30.000000] [Memory: 1.32MB] ✓ Transaction committed successfully
[2025-12-03 14:31:30.000000] [Memory: 1.32MB] === SCRIPT COMPLETED SUCCESSFULLY ===
[2025-12-03 14:31:30.000000] [Memory: 1.32MB] Total execution time: 0.04 seconds
[2025-12-03 14:31:30.000000] [Memory: 1.32MB] Peak memory usage: 1.93MB
[2025-12-03 09:08:40.000000] [Memory: 0.39MB] === SCRIPT STARTED ===
[2025-12-03 09:08:40.000000] [Memory: 0.39MB] ⚠️ DEBUG MODE: Email API calls are DISABLED
[2025-12-03 09:08:40.000000] [Memory: 0.39MB] PHP Version: 7.4.33
[2025-12-03 09:08:40.000000] [Memory: 0.39MB] Memory Limit: 512M
[2025-12-03 09:08:40.000000] [Memory: 0.39MB] Max Execution Time: 300s
[2025-12-03 09:08:40.000000] [Memory: 0.39MB] Loading config files...
[2025-12-03 14:38:40.000000] [Memory: 0.48MB] ✓ config.php loaded successfully
[2025-12-03 14:38:40.000000] [Memory: 0.48MB] ✓ number_to_wordConvert.php loaded successfully
[2025-12-03 14:38:40.000000] [Memory: 0.48MB] Collecting POST data...
[2025-12-03 14:38:40.000000] [Memory: 0.48MB] Static_LeadID: 80524
[2025-12-03 14:38:40.000000] [Memory: 0.48MB] Attachment path set: https://sarsspl.com/Lead_Management/Loyaltician/clubfourpoints/Leadpdf/memberpdf/Mr. Abiraaj Rajan.pdf
[2025-12-03 14:38:40.000000] [Memory: 0.48MB] Loading TCPDF library...
[2025-12-03 14:38:40.000000] [Memory: 0.48MB] ✓ tcpdf_include.php loaded
[2025-12-03 14:38:40.000000] [Memory: 0.62MB] ✓ tcpdf.php loaded
[2025-12-03 14:38:40.000000] [Memory: 0.76MB] Creating PDF document...
[03-Dec-2025 14:38:40 Asia/Kolkata] PHP Warning:  chr() expects parameter 1 to be int, string given in /home/u444388293/domains/sarsspl.com/public_html/Lead_Management/Loyaltician/clubfourpoints/Leadpdf/generatepdf/TCPDF-master/include/tcpdf_fonts.php on line 1671
[2025-12-03 14:38:40.000000] [Memory: 0.8MB] ✓ PDF object created successfully
[2025-12-03 14:38:40.000000] [Memory: 0.8MB] Configuring PDF settings...
[2025-12-03 14:38:40.000000] [Memory: 0.82MB] ✓ PDF configured
[03-Dec-2025 14:38:40 Asia/Kolkata] PHP Notice:  Undefined variable: MembershipDetails_Level in /home/u444388293/domains/sarsspl.com/public_html/Lead_Management/Loyaltician/clubfourpoints/MemberCreation_Process.php on line 350
[03-Dec-2025 14:38:40 Asia/Kolkata] PHP Notice:  Undefined variable: MembershipDetails_Level in /home/u444388293/domains/sarsspl.com/public_html/Lead_Management/Loyaltician/clubfourpoints/MemberCreation_Process.php on line 350
[2025-12-03 14:38:40.000000] [Memory: 0.85MB] Querying Members table for LeadID: 80524
[2025-12-03 14:38:40.000000] [Memory: 0.87MB] ✓ Members data fetched, Level: 2
[2025-12-03 14:38:40.000000] [Memory: 0.87MB] Querying Level table...
[2025-12-03 14:38:40.000000] [Memory: 0.89MB] ✓ Level data fetched
[2025-12-03 14:38:40.000000] [Memory: 0.89MB] Querying voucher_Booklet table...
[2025-12-03 14:38:40.000000] [Memory: 0.9MB] ✓ Voucher booklet data fetched
[2025-12-03 14:38:40.000000] [Memory: 0.9MB] Starting database transaction...
[2025-12-03 14:38:40.000000] [Memory: 0.9MB] ✓ Transaction started
[2025-12-03 14:38:40.000000] [Memory: 0.9MB] Updating Members table...
[2025-12-03 14:38:40.000000] [Memory: 0.9MB] ✓ Members table updated successfully
[2025-12-03 14:38:40.000000] [Memory: 0.9MB] Updating Leads_table...
[2025-12-03 14:38:40.000000] [Memory: 0.9MB] ✓ Leads_table updated
[2025-12-03 14:38:40.000000] [Memory: 0.9MB] Updating voucher_Booklet...
[2025-12-03 14:38:40.000000] [Memory: 0.9MB] ✓ voucher_Booklet updated
[2025-12-03 14:38:40.000000] [Memory: 0.92MB] Inserting BarcodeScan records, count: 36
[2025-12-03 14:38:40.000000] [Memory: 0.92MB] ✓ BarcodeScan records inserted
[2025-12-03 14:38:40.000000] [Memory: 1MB] Processing membership level: 2
[2025-12-03 14:38:40.000000] [Memory: 1.23MB] ⚠ SKIPPING email to customer (Level 2 - Platinum) - Email disabled for debugging
[2025-12-03 14:38:40.000000] [Memory: 1.23MB] Would send to: abiraaj@askdnb.com
[2025-12-03 14:38:40.000000] [Memory: 1.23MB] Preparing enrollment statistics...
[2025-12-03 14:38:40.000000] [Memory: 1.38MB] Preparing internal notification message...
[2025-12-03 14:38:40.000000] [Memory: 1.4MB] Building message1 table...
[2025-12-03 14:38:40.000000] [Memory: 1.33MB] ⚠ SKIPPING internal notification email - Email disabled for debugging
[2025-12-03 14:38:40.000000] [Memory: 1.33MB] Sending log details email...
[2025-12-03 14:38:40.000000] [Memory: 1.33MB] ⚠ SKIPPING log details email - Email disabled for debugging
[2025-12-03 14:38:40.000000] [Memory: 1.33MB] Would send to: contactus@clubfourpoints.com
[2025-12-03 14:38:40.000000] [Memory: 1.33MB] Inserting voucher_Details: MembershipNumber=14545081, VoucherBookletNumber=14001022
[2025-12-03 14:38:40.000000] [Memory: 1.33MB] SQL Query: insert into voucher_Details (MembershipNumber,VoucherBookletNumber)values('14545081','14001022')
[2025-12-03 14:38:40.000000] [Memory: 1.33MB] ✓ voucher_Details inserted successfully
[2025-12-03 14:38:40.000000] [Memory: 1.33MB] Committing transaction...
[2025-12-03 14:38:40.000000] [Memory: 1.33MB] ✓ Transaction committed successfully
[2025-12-03 14:38:40.000000] [Memory: 1.33MB] === SCRIPT COMPLETED SUCCESSFULLY ===
[2025-12-03 14:38:40.000000] [Memory: 1.33MB] Total execution time: 0.05 seconds
[2025-12-03 14:38:40.000000] [Memory: 1.33MB] Peak memory usage: 1.95MB
[2025-12-03 09:16:35.000000] [Memory: 0.39MB] === SCRIPT STARTED ===
[2025-12-03 09:16:35.000000] [Memory: 0.39MB] ⚠️ DEBUG MODE: Email API calls are DISABLED
[2025-12-03 09:16:35.000000] [Memory: 0.39MB] PHP Version: 7.4.33
[2025-12-03 09:16:35.000000] [Memory: 0.39MB] Memory Limit: 512M
[2025-12-03 09:16:35.000000] [Memory: 0.39MB] Max Execution Time: 300s
[2025-12-03 09:16:35.000000] [Memory: 0.39MB] Loading config files...
[2025-12-03 14:46:35.000000] [Memory: 0.48MB] ✓ config.php loaded successfully
[2025-12-03 14:46:35.000000] [Memory: 0.48MB] ✓ number_to_wordConvert.php loaded successfully
[2025-12-03 14:46:35.000000] [Memory: 0.48MB] Collecting POST data...
[2025-12-03 14:46:35.000000] [Memory: 0.48MB] Static_LeadID: 80525
[2025-12-03 14:46:35.000000] [Memory: 0.48MB] Attachment path set: https://sarsspl.com/Lead_Management/Loyaltician/clubfourpoints/Leadpdf/memberpdf/Mr. Anuj Singh.pdf
[2025-12-03 14:46:35.000000] [Memory: 0.48MB] Loading TCPDF library...
[2025-12-03 14:46:35.000000] [Memory: 0.48MB] ✓ tcpdf_include.php loaded
[2025-12-03 14:46:35.000000] [Memory: 0.62MB] ✓ tcpdf.php loaded
[2025-12-03 14:46:35.000000] [Memory: 0.76MB] Creating PDF document...
[03-Dec-2025 14:46:35 Asia/Kolkata] PHP Warning:  chr() expects parameter 1 to be int, string given in /home/u444388293/domains/sarsspl.com/public_html/Lead_Management/Loyaltician/clubfourpoints/Leadpdf/generatepdf/TCPDF-master/include/tcpdf_fonts.php on line 1671
[2025-12-03 14:46:35.000000] [Memory: 0.8MB] ✓ PDF object created successfully
[2025-12-03 14:46:35.000000] [Memory: 0.8MB] Configuring PDF settings...
[2025-12-03 14:46:35.000000] [Memory: 0.82MB] ✓ PDF configured
[03-Dec-2025 14:46:35 Asia/Kolkata] PHP Notice:  Undefined variable: MembershipDetails_Level in /home/u444388293/domains/sarsspl.com/public_html/Lead_Management/Loyaltician/clubfourpoints/MemberCreation_Process.php on line 350
[03-Dec-2025 14:46:35 Asia/Kolkata] PHP Notice:  Undefined variable: MembershipDetails_Level in /home/u444388293/domains/sarsspl.com/public_html/Lead_Management/Loyaltician/clubfourpoints/MemberCreation_Process.php on line 350
[2025-12-03 14:46:35.000000] [Memory: 0.85MB] Querying Members table for LeadID: 80525
[2025-12-03 14:46:35.000000] [Memory: 0.87MB] ✓ Members data fetched, Level: 2
[2025-12-03 14:46:35.000000] [Memory: 0.87MB] Querying Level table...
[2025-12-03 14:46:35.000000] [Memory: 0.89MB] ✓ Level data fetched
[2025-12-03 14:46:35.000000] [Memory: 0.89MB] Querying voucher_Booklet table...
[2025-12-03 14:46:35.000000] [Memory: 0.9MB] ✓ Voucher booklet data fetched
[2025-12-03 14:46:35.000000] [Memory: 0.9MB] Starting database transaction...
[2025-12-03 14:46:35.000000] [Memory: 0.9MB] ✓ Transaction started
[2025-12-03 14:46:35.000000] [Memory: 0.9MB] Updating Members table...
[2025-12-03 14:46:35.000000] [Memory: 0.9MB] ✓ Members table updated successfully
[2025-12-03 14:46:35.000000] [Memory: 0.9MB] Updating Leads_table...
[2025-12-03 14:46:35.000000] [Memory: 0.9MB] ✓ Leads_table updated
[2025-12-03 14:46:35.000000] [Memory: 0.9MB] Updating voucher_Booklet...
[2025-12-03 14:46:35.000000] [Memory: 0.9MB] ✓ voucher_Booklet updated
[2025-12-03 14:46:35.000000] [Memory: 0.92MB] Inserting BarcodeScan records, count: 36
[2025-12-03 14:46:35.000000] [Memory: 0.92MB] ✓ BarcodeScan records inserted
[2025-12-03 14:46:35.000000] [Memory: 1MB] Processing membership level: 2
[2025-12-03 14:46:35.000000] [Memory: 1.23MB] ⚠ SKIPPING email to customer (Level 2 - Platinum) - Email disabled for debugging
[2025-12-03 14:46:35.000000] [Memory: 1.23MB] Would send to: anuj@pczonesitservices.com
[2025-12-03 14:46:35.000000] [Memory: 1.23MB] Preparing enrollment statistics...
[2025-12-03 14:46:35.000000] [Memory: 1.38MB] Preparing internal notification message...
[2025-12-03 14:46:35.000000] [Memory: 1.4MB] Building message1 table...
[2025-12-03 14:46:35.000000] [Memory: 1.33MB] ⚠ SKIPPING internal notification email - Email disabled for debugging
[2025-12-03 14:46:35.000000] [Memory: 1.33MB] Sending log details email...
[2025-12-03 14:46:35.000000] [Memory: 1.33MB] ⚠ SKIPPING log details email - Email disabled for debugging
[2025-12-03 14:46:35.000000] [Memory: 1.33MB] Would send to: contactus@clubfourpoints.com
[2025-12-03 14:46:35.000000] [Memory: 1.33MB] Inserting voucher_Details: MembershipNumber=14988801, VoucherBookletNumber=14001023
[2025-12-03 14:46:35.000000] [Memory: 1.33MB] SQL Query: insert into voucher_Details (MembershipNumber,VoucherBookletNumber)values('14988801','14001023')
[2025-12-03 14:46:35.000000] [Memory: 1.33MB] ✓ voucher_Details inserted successfully
[2025-12-03 14:46:35.000000] [Memory: 1.33MB] Committing transaction...
[2025-12-03 14:46:35.000000] [Memory: 1.33MB] ✓ Transaction committed successfully
[2025-12-03 14:46:35.000000] [Memory: 1.33MB] === SCRIPT COMPLETED SUCCESSFULLY ===
[2025-12-03 14:46:35.000000] [Memory: 1.33MB] Total execution time: 0.04 seconds
[2025-12-03 14:46:35.000000] [Memory: 1.33MB] Peak memory usage: 1.95MB
[2025-12-08 07:02:34.000000] [Memory: 0.39MB] === SCRIPT STARTED ===
[2025-12-08 07:02:34.000000] [Memory: 0.39MB] ⚠️ DEBUG MODE: Email API calls are DISABLED
[2025-12-08 07:02:34.000000] [Memory: 0.39MB] PHP Version: 7.4.33
[2025-12-08 07:02:34.000000] [Memory: 0.39MB] Memory Limit: 512M
[2025-12-08 07:02:34.000000] [Memory: 0.39MB] Max Execution Time: 300s
[2025-12-08 07:02:34.000000] [Memory: 0.39MB] Loading config files...
[2025-12-08 12:32:34.000000] [Memory: 0.48MB] ✓ config.php loaded successfully
[2025-12-08 12:32:34.000000] [Memory: 0.48MB] ✓ number_to_wordConvert.php loaded successfully
[2025-12-08 12:32:34.000000] [Memory: 0.48MB] Collecting POST data...
[2025-12-08 12:32:34.000000] [Memory: 0.48MB] Static_LeadID: 80526
[2025-12-08 12:32:34.000000] [Memory: 0.48MB] Attachment path set: https://sarsspl.com/Lead_Management/Loyaltician/clubfourpoints/Leadpdf/memberpdf/Mr. Abhay Patwardhan.pdf
[2025-12-08 12:32:34.000000] [Memory: 0.48MB] Loading TCPDF library...
[2025-12-08 12:32:34.000000] [Memory: 0.48MB] ✓ tcpdf_include.php loaded
[2025-12-08 12:32:34.000000] [Memory: 0.62MB] ✓ tcpdf.php loaded
[2025-12-08 12:32:34.000000] [Memory: 0.76MB] Creating PDF document...
[08-Dec-2025 12:32:34 Asia/Kolkata] PHP Warning:  chr() expects parameter 1 to be int, string given in /home/u444388293/domains/sarsspl.com/public_html/Lead_Management/Loyaltician/clubfourpoints/Leadpdf/generatepdf/TCPDF-master/include/tcpdf_fonts.php on line 1671
[2025-12-08 12:32:34.000000] [Memory: 0.81MB] ✓ PDF object created successfully
[2025-12-08 12:32:34.000000] [Memory: 0.81MB] Configuring PDF settings...
[2025-12-08 12:32:34.000000] [Memory: 0.82MB] ✓ PDF configured
[08-Dec-2025 12:32:34 Asia/Kolkata] PHP Notice:  Undefined variable: MembershipDetails_Level in /home/u444388293/domains/sarsspl.com/public_html/Lead_Management/Loyaltician/clubfourpoints/MemberCreation_Process.php on line 350
[08-Dec-2025 12:32:34 Asia/Kolkata] PHP Notice:  Undefined variable: MembershipDetails_Level in /home/u444388293/domains/sarsspl.com/public_html/Lead_Management/Loyaltician/clubfourpoints/MemberCreation_Process.php on line 350
[2025-12-08 12:32:34.000000] [Memory: 0.86MB] Querying Members table for LeadID: 80526
[2025-12-08 12:32:34.000000] [Memory: 0.87MB] ✓ Members data fetched, Level: 1
[2025-12-08 12:32:34.000000] [Memory: 0.87MB] Querying Level table...
[2025-12-08 12:32:34.000000] [Memory: 0.89MB] ✓ Level data fetched
[2025-12-08 12:32:34.000000] [Memory: 0.89MB] Querying voucher_Booklet table...
[2025-12-08 12:32:34.000000] [Memory: 0.9MB] ✓ Voucher booklet data fetched
[2025-12-08 12:32:34.000000] [Memory: 0.9MB] Starting database transaction...
[2025-12-08 12:32:34.000000] [Memory: 0.9MB] ✓ Transaction started
[2025-12-08 12:32:34.000000] [Memory: 0.9MB] Updating Members table...
[2025-12-08 12:32:34.000000] [Memory: 0.91MB] ✓ Members table updated successfully
[2025-12-08 12:32:34.000000] [Memory: 0.91MB] Updating Leads_table...
[2025-12-08 12:32:34.000000] [Memory: 0.91MB] ✓ Leads_table updated
[2025-12-08 12:32:34.000000] [Memory: 0.91MB] Updating voucher_Booklet...
[2025-12-08 12:32:34.000000] [Memory: 0.91MB] ✓ voucher_Booklet updated
[2025-12-08 12:32:34.000000] [Memory: 0.92MB] Inserting BarcodeScan records, count: 27
[2025-12-08 12:32:34.000000] [Memory: 0.92MB] ✓ BarcodeScan records inserted
[2025-12-08 12:32:34.000000] [Memory: 1MB] Processing membership level: 1
[2025-12-08 12:32:34.000000] [Memory: 1MB] Creating Gold membership email and PDF...
[2025-12-08 12:32:34.000000] [Memory: 1.21MB] ⚠ SKIPPING email to customer (Level 1 - Gold) - Email disabled for debugging
[2025-12-08 12:32:34.000000] [Memory: 1.21MB] Would send to: forap@yahoo.com
[2025-12-08 12:32:34.000000] [Memory: 1.21MB] Preparing enrollment statistics...
[2025-12-08 12:32:34.000000] [Memory: 1.35MB] Preparing internal notification message...
[2025-12-08 12:32:34.000000] [Memory: 1.37MB] Building message1 table...
[2025-12-08 12:32:34.000000] [Memory: 1.32MB] ⚠ SKIPPING internal notification email - Email disabled for debugging
[2025-12-08 12:32:34.000000] [Memory: 1.32MB] Sending log details email...
[2025-12-08 12:32:34.000000] [Memory: 1.32MB] ⚠ SKIPPING log details email - Email disabled for debugging
[2025-12-08 12:32:34.000000] [Memory: 1.32MB] Would send to: contactus@clubfourpoints.com
[2025-12-08 12:32:34.000000] [Memory: 1.32MB] Inserting voucher_Details: MembershipNumber=12394471, VoucherBookletNumber=12000599
[2025-12-08 12:32:34.000000] [Memory: 1.32MB] SQL Query: insert into voucher_Details (MembershipNumber,VoucherBookletNumber)values('12394471','12000599')
[2025-12-08 12:32:34.000000] [Memory: 1.32MB] ✓ voucher_Details inserted successfully
[2025-12-08 12:32:34.000000] [Memory: 1.32MB] Committing transaction...
[2025-12-08 12:32:34.000000] [Memory: 1.32MB] ✓ Transaction committed successfully
[2025-12-08 12:32:34.000000] [Memory: 1.32MB] === SCRIPT COMPLETED SUCCESSFULLY ===
[2025-12-08 12:32:34.000000] [Memory: 1.32MB] Total execution time: 0.04 seconds
[2025-12-08 12:32:34.000000] [Memory: 1.32MB] Peak memory usage: 1.93MB
[2025-12-15 07:13:21.000000] [Memory: 0.39MB] === SCRIPT STARTED ===
[2025-12-15 07:13:21.000000] [Memory: 0.39MB] ⚠️ DEBUG MODE: Email API calls are DISABLED
[2025-12-15 07:13:21.000000] [Memory: 0.39MB] PHP Version: 7.4.33
[2025-12-15 07:13:21.000000] [Memory: 0.39MB] Memory Limit: 512M
[2025-12-15 07:13:21.000000] [Memory: 0.39MB] Max Execution Time: 300s
[2025-12-15 07:13:21.000000] [Memory: 0.39MB] Loading config files...
[2025-12-15 12:43:21.000000] [Memory: 0.48MB] ✓ config.php loaded successfully
[2025-12-15 12:43:21.000000] [Memory: 0.48MB] ✓ number_to_wordConvert.php loaded successfully
[2025-12-15 12:43:21.000000] [Memory: 0.48MB] Collecting POST data...
[2025-12-15 12:43:21.000000] [Memory: 0.48MB] Static_LeadID: 80528
[2025-12-15 12:43:21.000000] [Memory: 0.48MB] Attachment path set: https://sarsspl.com/Lead_Management/Loyaltician/clubfourpoints/Leadpdf/memberpdf/Mrs. Harshada Thakur.pdf
[2025-12-15 12:43:21.000000] [Memory: 0.48MB] Loading TCPDF library...
[2025-12-15 12:43:21.000000] [Memory: 0.48MB] ✓ tcpdf_include.php loaded
[15-Dec-2025 12:43:21 Asia/Kolkata] PHP Deprecated:  Array and string offset access syntax with curly braces is deprecated in /home/u444388293/domains/sarsspl.com/public_html/Lead_Management/Loyaltician/clubfourpoints/Leadpdf/generatepdf/TCPDF-master/tcpdf.php on line 16899
[15-Dec-2025 12:43:21 Asia/Kolkata] PHP Deprecated:  Array and string offset access syntax with curly braces is deprecated in /home/u444388293/domains/sarsspl.com/public_html/Lead_Management/Loyaltician/clubfourpoints/Leadpdf/generatepdf/TCPDF-master/tcpdf.php on line 16899
[15-Dec-2025 12:43:21 Asia/Kolkata] PHP Deprecated:  Array and string offset access syntax with curly braces is deprecated in /home/u444388293/domains/sarsspl.com/public_html/Lead_Management/Loyaltician/clubfourpoints/Leadpdf/generatepdf/TCPDF-master/tcpdf.php on line 16902
[15-Dec-2025 12:43:21 Asia/Kolkata] PHP Warning:  "continue" targeting switch is equivalent to "break". Did you mean to use "continue 2"? in /home/u444388293/domains/sarsspl.com/public_html/Lead_Management/Loyaltician/clubfourpoints/Leadpdf/generatepdf/TCPDF-master/tcpdf.php on line 17784
[15-Dec-2025 12:43:21 Asia/Kolkata] PHP Deprecated:  Array and string offset access syntax with curly braces is deprecated in /home/u444388293/domains/sarsspl.com/public_html/Lead_Management/Loyaltician/clubfourpoints/Leadpdf/generatepdf/TCPDF-master/include/tcpdf_images.php on line 318
[2025-12-15 12:43:21.000000] [Memory: 0.79MB] ✓ tcpdf.php loaded
[2025-12-15 12:43:21.000000] [Memory: 0.83MB] Creating PDF document...
[15-Dec-2025 12:43:21 Asia/Kolkata] PHP Warning:  chr() expects parameter 1 to be int, string given in /home/u444388293/domains/sarsspl.com/public_html/Lead_Management/Loyaltician/clubfourpoints/Leadpdf/generatepdf/TCPDF-master/include/tcpdf_fonts.php on line 1671
[2025-12-15 12:43:21.000000] [Memory: 0.87MB] ✓ PDF object created successfully
[2025-12-15 12:43:21.000000] [Memory: 0.87MB] Configuring PDF settings...
[2025-12-15 12:43:21.000000] [Memory: 0.89MB] ✓ PDF configured
[15-Dec-2025 12:43:21 Asia/Kolkata] PHP Notice:  Undefined variable: MembershipDetails_Level in /home/u444388293/domains/sarsspl.com/public_html/Lead_Management/Loyaltician/clubfourpoints/MemberCreation_Process.php on line 350
[15-Dec-2025 12:43:21 Asia/Kolkata] PHP Notice:  Undefined variable: MembershipDetails_Level in /home/u444388293/domains/sarsspl.com/public_html/Lead_Management/Loyaltician/clubfourpoints/MemberCreation_Process.php on line 350
[2025-12-15 12:43:21.000000] [Memory: 0.92MB] Querying Members table for LeadID: 80528
[2025-12-15 12:43:21.000000] [Memory: 0.94MB] ✓ Members data fetched, Level: 1
[2025-12-15 12:43:21.000000] [Memory: 0.94MB] Querying Level table...
[2025-12-15 12:43:21.000000] [Memory: 0.95MB] ✓ Level data fetched
[2025-12-15 12:43:21.000000] [Memory: 0.95MB] Querying voucher_Booklet table...
[2025-12-15 12:43:21.000000] [Memory: 0.97MB] ✓ Voucher booklet data fetched
[2025-12-15 12:43:21.000000] [Memory: 0.97MB] === SCRIPT COMPLETED SUCCESSFULLY ===
[2025-12-15 12:43:21.000000] [Memory: 0.97MB] Total execution time: 0.11 seconds
[2025-12-15 12:43:21.000000] [Memory: 0.97MB] Peak memory usage: 13.29MB
[2025-12-16 04:45:28.000000] [Memory: 0.39MB] === SCRIPT STARTED ===
[2025-12-16 04:45:28.000000] [Memory: 0.39MB] ⚠️ DEBUG MODE: Email API calls are DISABLED
[2025-12-16 04:45:28.000000] [Memory: 0.39MB] PHP Version: 7.4.33
[2025-12-16 04:45:28.000000] [Memory: 0.39MB] Memory Limit: 512M
[2025-12-16 04:45:28.000000] [Memory: 0.39MB] Max Execution Time: 300s
[2025-12-16 04:45:28.000000] [Memory: 0.39MB] Loading config files...
[2025-12-16 10:15:28.000000] [Memory: 0.48MB] ✓ config.php loaded successfully
[2025-12-16 10:15:28.000000] [Memory: 0.48MB] ✓ number_to_wordConvert.php loaded successfully
[2025-12-16 10:15:28.000000] [Memory: 0.48MB] Collecting POST data...
[2025-12-16 10:15:28.000000] [Memory: 0.48MB] Static_LeadID: 80528
[2025-12-16 10:15:28.000000] [Memory: 0.48MB] Attachment path set: https://sarsspl.com/Lead_Management/Loyaltician/clubfourpoints/Leadpdf/memberpdf/Mrs. Harshada Thakur.pdf
[2025-12-16 10:15:28.000000] [Memory: 0.48MB] Loading TCPDF library...
[2025-12-16 10:15:28.000000] [Memory: 0.48MB] ✓ tcpdf_include.php loaded
[2025-12-16 10:15:28.000000] [Memory: 0.62MB] ✓ tcpdf.php loaded
[2025-12-16 10:15:28.000000] [Memory: 0.76MB] Creating PDF document...
[16-Dec-2025 10:15:28 Asia/Kolkata] PHP Warning:  chr() expects parameter 1 to be int, string given in /home/u444388293/domains/sarsspl.com/public_html/Lead_Management/Loyaltician/clubfourpoints/Leadpdf/generatepdf/TCPDF-master/include/tcpdf_fonts.php on line 1671
[2025-12-16 10:15:28.000000] [Memory: 0.81MB] ✓ PDF object created successfully
[2025-12-16 10:15:28.000000] [Memory: 0.81MB] Configuring PDF settings...
[2025-12-16 10:15:28.000000] [Memory: 0.82MB] ✓ PDF configured
[16-Dec-2025 10:15:28 Asia/Kolkata] PHP Notice:  Undefined variable: MembershipDetails_Level in /home/u444388293/domains/sarsspl.com/public_html/Lead_Management/Loyaltician/clubfourpoints/MemberCreation_Process.php on line 350
[16-Dec-2025 10:15:28 Asia/Kolkata] PHP Notice:  Undefined variable: MembershipDetails_Level in /home/u444388293/domains/sarsspl.com/public_html/Lead_Management/Loyaltician/clubfourpoints/MemberCreation_Process.php on line 350
[2025-12-16 10:15:28.000000] [Memory: 0.86MB] Querying Members table for LeadID: 80528
[2025-12-16 10:15:28.000000] [Memory: 0.87MB] ✓ Members data fetched, Level: 1
[2025-12-16 10:15:28.000000] [Memory: 0.87MB] Querying Level table...
[2025-12-16 10:15:28.000000] [Memory: 0.89MB] ✓ Level data fetched
[2025-12-16 10:15:28.000000] [Memory: 0.89MB] Querying voucher_Booklet table...
[2025-12-16 10:15:28.000000] [Memory: 0.9MB] ✓ Voucher booklet data fetched
[2025-12-16 10:15:28.000000] [Memory: 0.91MB] === SCRIPT COMPLETED SUCCESSFULLY ===
[2025-12-16 10:15:28.000000] [Memory: 0.91MB] Total execution time: 0.01 seconds
[2025-12-16 10:15:28.000000] [Memory: 0.91MB] Peak memory usage: 0.95MB
[2025-12-16 04:59:31.000000] [Memory: 0.39MB] === SCRIPT STARTED ===
[2025-12-16 04:59:31.000000] [Memory: 0.39MB] ⚠️ DEBUG MODE: Email API calls are DISABLED
[2025-12-16 04:59:31.000000] [Memory: 0.39MB] PHP Version: 7.4.33
[2025-12-16 04:59:31.000000] [Memory: 0.39MB] Memory Limit: 512M
[2025-12-16 04:59:31.000000] [Memory: 0.39MB] Max Execution Time: 300s
[2025-12-16 04:59:31.000000] [Memory: 0.39MB] Loading config files...
[2025-12-16 10:29:31.000000] [Memory: 0.48MB] ✓ config.php loaded successfully
[2025-12-16 10:29:31.000000] [Memory: 0.48MB] ✓ number_to_wordConvert.php loaded successfully
[2025-12-16 10:29:31.000000] [Memory: 0.48MB] Collecting POST data...
[2025-12-16 10:29:31.000000] [Memory: 0.48MB] Static_LeadID: 80528
[2025-12-16 10:29:31.000000] [Memory: 0.48MB] Attachment path set: https://sarsspl.com/Lead_Management/Loyaltician/clubfourpoints/Leadpdf/memberpdf/Mrs. Harshada Thakur.pdf
[2025-12-16 10:29:31.000000] [Memory: 0.48MB] Loading TCPDF library...
[2025-12-16 10:29:31.000000] [Memory: 0.48MB] ✓ tcpdf_include.php loaded
[16-Dec-2025 10:29:31 Asia/Kolkata] PHP Deprecated:  Array and string offset access syntax with curly braces is deprecated in /home/u444388293/domains/sarsspl.com/public_html/Lead_Management/Loyaltician/clubfourpoints/Leadpdf/generatepdf/TCPDF-master/tcpdf.php on line 16899
[16-Dec-2025 10:29:31 Asia/Kolkata] PHP Deprecated:  Array and string offset access syntax with curly braces is deprecated in /home/u444388293/domains/sarsspl.com/public_html/Lead_Management/Loyaltician/clubfourpoints/Leadpdf/generatepdf/TCPDF-master/tcpdf.php on line 16899
[16-Dec-2025 10:29:31 Asia/Kolkata] PHP Deprecated:  Array and string offset access syntax with curly braces is deprecated in /home/u444388293/domains/sarsspl.com/public_html/Lead_Management/Loyaltician/clubfourpoints/Leadpdf/generatepdf/TCPDF-master/tcpdf.php on line 16902
[16-Dec-2025 10:29:31 Asia/Kolkata] PHP Warning:  "continue" targeting switch is equivalent to "break". Did you mean to use "continue 2"? in /home/u444388293/domains/sarsspl.com/public_html/Lead_Management/Loyaltician/clubfourpoints/Leadpdf/generatepdf/TCPDF-master/tcpdf.php on line 17784
[16-Dec-2025 10:29:31 Asia/Kolkata] PHP Deprecated:  Array and string offset access syntax with curly braces is deprecated in /home/u444388293/domains/sarsspl.com/public_html/Lead_Management/Loyaltician/clubfourpoints/Leadpdf/generatepdf/TCPDF-master/include/tcpdf_images.php on line 318
[2025-12-16 10:29:31.000000] [Memory: 0.79MB] ✓ tcpdf.php loaded
[2025-12-16 10:29:31.000000] [Memory: 0.83MB] Creating PDF document...
[16-Dec-2025 10:29:31 Asia/Kolkata] PHP Warning:  chr() expects parameter 1 to be int, string given in /home/u444388293/domains/sarsspl.com/public_html/Lead_Management/Loyaltician/clubfourpoints/Leadpdf/generatepdf/TCPDF-master/include/tcpdf_fonts.php on line 1671
[2025-12-16 10:29:31.000000] [Memory: 0.87MB] ✓ PDF object created successfully
[2025-12-16 10:29:31.000000] [Memory: 0.87MB] Configuring PDF settings...
[2025-12-16 10:29:31.000000] [Memory: 0.89MB] ✓ PDF configured
[16-Dec-2025 10:29:31 Asia/Kolkata] PHP Notice:  Undefined variable: MembershipDetails_Level in /home/u444388293/domains/sarsspl.com/public_html/Lead_Management/Loyaltician/clubfourpoints/MemberCreation_Process.php on line 350
[16-Dec-2025 10:29:31 Asia/Kolkata] PHP Notice:  Undefined variable: MembershipDetails_Level in /home/u444388293/domains/sarsspl.com/public_html/Lead_Management/Loyaltician/clubfourpoints/MemberCreation_Process.php on line 350
[2025-12-16 10:29:31.000000] [Memory: 0.92MB] Querying Members table for LeadID: 80528
[2025-12-16 10:29:31.000000] [Memory: 0.94MB] ✓ Members data fetched, Level: 1
[2025-12-16 10:29:31.000000] [Memory: 0.94MB] Querying Level table...
[2025-12-16 10:29:31.000000] [Memory: 0.95MB] ✓ Level data fetched
[2025-12-16 10:29:31.000000] [Memory: 0.95MB] Querying voucher_Booklet table...
[2025-12-16 10:29:31.000000] [Memory: 0.97MB] ✓ Voucher booklet data fetched
[2025-12-16 10:29:31.000000] [Memory: 0.97MB] Starting database transaction...
[2025-12-16 10:29:31.000000] [Memory: 0.97MB] ✓ Transaction started
[2025-12-16 10:29:31.000000] [Memory: 0.97MB] Updating Members table...
[2025-12-16 10:29:31.000000] [Memory: 0.97MB] ✓ Members table updated successfully
[2025-12-16 10:29:31.000000] [Memory: 0.97MB] Updating Leads_table...
[2025-12-16 10:29:31.000000] [Memory: 0.97MB] ✓ Leads_table updated
[2025-12-16 10:29:31.000000] [Memory: 0.97MB] Updating voucher_Booklet...
[2025-12-16 10:29:31.000000] [Memory: 0.97MB] ✓ voucher_Booklet updated
[2025-12-16 10:29:31.000000] [Memory: 0.99MB] Inserting BarcodeScan records, count: 27
[2025-12-16 10:29:31.000000] [Memory: 0.99MB] ✓ BarcodeScan records inserted
[2025-12-16 10:29:31.000000] [Memory: 1.06MB] Processing membership level: 1
[2025-12-16 10:29:31.000000] [Memory: 1.06MB] Creating Gold membership email and PDF...
[2025-12-16 10:29:31.000000] [Memory: 1.27MB] ⚠ SKIPPING email to customer (Level 1 - Gold) - Email disabled for debugging
[2025-12-16 10:29:31.000000] [Memory: 1.27MB] Would send to: dinkyveta@gmail.com
[2025-12-16 10:29:31.000000] [Memory: 1.27MB] Preparing enrollment statistics...
[2025-12-16 10:29:31.000000] [Memory: 1.42MB] Preparing internal notification message...
[2025-12-16 10:29:31.000000] [Memory: 1.44MB] Building message1 table...
[2025-12-16 10:29:31.000000] [Memory: 1.39MB] ⚠ SKIPPING internal notification email - Email disabled for debugging
[2025-12-16 10:29:31.000000] [Memory: 1.39MB] Sending log details email...
[2025-12-16 10:29:31.000000] [Memory: 1.39MB] ⚠ SKIPPING log details email - Email disabled for debugging
[2025-12-16 10:29:31.000000] [Memory: 1.39MB] Would send to: contactus@clubfourpoints.com
[2025-12-16 10:29:31.000000] [Memory: 1.39MB] Inserting voucher_Details: MembershipNumber=12934061, VoucherBookletNumber=12000601
[2025-12-16 10:29:31.000000] [Memory: 1.39MB] SQL Query: insert into voucher_Details (MembershipNumber,VoucherBookletNumber)values('12934061','12000601')
[2025-12-16 10:29:31.000000] [Memory: 1.39MB] ✓ voucher_Details inserted successfully
[2025-12-16 10:29:31.000000] [Memory: 1.39MB] Committing transaction...
[2025-12-16 10:29:31.000000] [Memory: 1.39MB] ✓ Transaction committed successfully
[2025-12-16 10:29:31.000000] [Memory: 1.39MB] === SCRIPT COMPLETED SUCCESSFULLY ===
[2025-12-16 10:29:31.000000] [Memory: 1.39MB] Total execution time: 0.16 seconds
[2025-12-16 10:29:31.000000] [Memory: 1.39MB] Peak memory usage: 13.26MB
[2025-12-19 11:10:14.000000] [Memory: 0.39MB] === SCRIPT STARTED ===
[2025-12-19 11:10:14.000000] [Memory: 0.39MB] ⚠️ DEBUG MODE: Email API calls are DISABLED
[2025-12-19 11:10:14.000000] [Memory: 0.39MB] PHP Version: 7.4.33
[2025-12-19 11:10:14.000000] [Memory: 0.39MB] Memory Limit: 512M
[2025-12-19 11:10:14.000000] [Memory: 0.39MB] Max Execution Time: 300s
[2025-12-19 11:10:14.000000] [Memory: 0.39MB] Loading config files...
[2025-12-19 16:40:14.000000] [Memory: 0.48MB] ✓ config.php loaded successfully
[2025-12-19 16:40:14.000000] [Memory: 0.48MB] ✓ number_to_wordConvert.php loaded successfully
[2025-12-19 16:40:14.000000] [Memory: 0.48MB] Collecting POST data...
[2025-12-19 16:40:14.000000] [Memory: 0.48MB] Static_LeadID: 80530
[2025-12-19 16:40:14.000000] [Memory: 0.49MB] Attachment path set: https://sarsspl.com/Lead_Management/Loyaltician/clubfourpoints/Leadpdf/memberpdf/Mr. Keval Shah.pdf
[2025-12-19 16:40:14.000000] [Memory: 0.49MB] Loading TCPDF library...
[2025-12-19 16:40:14.000000] [Memory: 0.49MB] ✓ tcpdf_include.php loaded
[2025-12-19 16:40:14.000000] [Memory: 0.63MB] ✓ tcpdf.php loaded
[2025-12-19 16:40:14.000000] [Memory: 0.77MB] Creating PDF document...
[19-Dec-2025 16:40:14 Asia/Kolkata] PHP Warning:  chr() expects parameter 1 to be int, string given in /home/u444388293/domains/sarsspl.com/public_html/Lead_Management/Loyaltician/clubfourpoints/Leadpdf/generatepdf/TCPDF-master/include/tcpdf_fonts.php on line 1671
[2025-12-19 16:40:14.000000] [Memory: 0.81MB] ✓ PDF object created successfully
[2025-12-19 16:40:14.000000] [Memory: 0.81MB] Configuring PDF settings...
[2025-12-19 16:40:14.000000] [Memory: 0.83MB] ✓ PDF configured
[19-Dec-2025 16:40:14 Asia/Kolkata] PHP Notice:  Undefined variable: MembershipDetails_Level in /home/u444388293/domains/sarsspl.com/public_html/Lead_Management/Loyaltician/clubfourpoints/MemberCreation_Process.php on line 350
[19-Dec-2025 16:40:14 Asia/Kolkata] PHP Notice:  Undefined variable: MembershipDetails_Level in /home/u444388293/domains/sarsspl.com/public_html/Lead_Management/Loyaltician/clubfourpoints/MemberCreation_Process.php on line 350
[2025-12-19 16:40:14.000000] [Memory: 0.86MB] Querying Members table for LeadID: 80530
[2025-12-19 16:40:14.000000] [Memory: 0.88MB] ✓ Members data fetched, Level: 2
[2025-12-19 16:40:14.000000] [Memory: 0.88MB] Querying Level table...
[2025-12-19 16:40:14.000000] [Memory: 0.9MB] ✓ Level data fetched
[2025-12-19 16:40:14.000000] [Memory: 0.9MB] Querying voucher_Booklet table...
[2025-12-19 16:40:14.000000] [Memory: 0.91MB] ✓ Voucher booklet data fetched
[2025-12-19 16:40:14.000000] [Memory: 0.91MB] Starting database transaction...
[2025-12-19 16:40:14.000000] [Memory: 0.91MB] ✓ Transaction started
[2025-12-19 16:40:14.000000] [Memory: 0.91MB] Updating Members table...
[2025-12-19 16:40:14.000000] [Memory: 0.91MB] ✓ Members table updated successfully
[2025-12-19 16:40:14.000000] [Memory: 0.91MB] Updating Leads_table...
[2025-12-19 16:40:14.000000] [Memory: 0.91MB] ✓ Leads_table updated
[2025-12-19 16:40:14.000000] [Memory: 0.91MB] Updating voucher_Booklet...
[2025-12-19 16:40:14.000000] [Memory: 0.91MB] ✓ voucher_Booklet updated
[2025-12-19 16:40:14.000000] [Memory: 0.93MB] Inserting BarcodeScan records, count: 36
[2025-12-19 16:40:14.000000] [Memory: 0.93MB] ✓ BarcodeScan records inserted
[2025-12-19 16:40:14.000000] [Memory: 1.01MB] Processing membership level: 2
[2025-12-19 16:40:14.000000] [Memory: 1.24MB] ⚠ SKIPPING email to customer (Level 2 - Platinum) - Email disabled for debugging
[2025-12-19 16:40:14.000000] [Memory: 1.24MB] Would send to: Keval.shh@gmail.com
[2025-12-19 16:40:14.000000] [Memory: 1.24MB] Preparing enrollment statistics...
[2025-12-19 16:40:14.000000] [Memory: 1.39MB] Preparing internal notification message...
[2025-12-19 16:40:14.000000] [Memory: 1.4MB] Building message1 table...
[2025-12-19 16:40:14.000000] [Memory: 1.34MB] ⚠ SKIPPING internal notification email - Email disabled for debugging
[2025-12-19 16:40:14.000000] [Memory: 1.34MB] Sending log details email...
[2025-12-19 16:40:14.000000] [Memory: 1.34MB] ⚠ SKIPPING log details email - Email disabled for debugging
[2025-12-19 16:40:14.000000] [Memory: 1.34MB] Would send to: contactus@clubfourpoints.com
[2025-12-19 16:40:14.000000] [Memory: 1.34MB] Inserting voucher_Details: MembershipNumber=14781771, VoucherBookletNumber=14001027
[2025-12-19 16:40:14.000000] [Memory: 1.34MB] SQL Query: insert into voucher_Details (MembershipNumber,VoucherBookletNumber)values('14781771','14001027')
[2025-12-19 16:40:14.000000] [Memory: 1.34MB] ✓ voucher_Details inserted successfully
[2025-12-19 16:40:14.000000] [Memory: 1.34MB] Committing transaction...
[2025-12-19 16:40:14.000000] [Memory: 1.34MB] ✓ Transaction committed successfully
[2025-12-19 16:40:14.000000] [Memory: 1.34MB] === SCRIPT COMPLETED SUCCESSFULLY ===
[2025-12-19 16:40:14.000000] [Memory: 1.34MB] Total execution time: 0.05 seconds
[2025-12-19 16:40:14.000000] [Memory: 1.34MB] Peak memory usage: 1.95MB
[2025-12-25 05:53:14.000000] [Memory: 0.39MB] === SCRIPT STARTED ===
[2025-12-25 05:53:14.000000] [Memory: 0.39MB] ⚠️ DEBUG MODE: Email API calls are DISABLED
[2025-12-25 05:53:14.000000] [Memory: 0.39MB] PHP Version: 7.4.33
[2025-12-25 05:53:14.000000] [Memory: 0.39MB] Memory Limit: 512M
[2025-12-25 05:53:14.000000] [Memory: 0.39MB] Max Execution Time: 300s
[2025-12-25 05:53:14.000000] [Memory: 0.39MB] Loading config files...
[2025-12-25 11:23:14.000000] [Memory: 0.48MB] ✓ config.php loaded successfully
[2025-12-25 11:23:14.000000] [Memory: 0.48MB] ✓ number_to_wordConvert.php loaded successfully
[2025-12-25 11:23:14.000000] [Memory: 0.48MB] Collecting POST data...
[2025-12-25 11:23:14.000000] [Memory: 0.48MB] Static_LeadID: 80531
[2025-12-25 11:23:14.000000] [Memory: 0.48MB] Attachment path set: https://sarsspl.com/Lead_Management/Loyaltician/clubfourpoints/Leadpdf/memberpdf/Mrs. Sukhlata Shetty.pdf
[2025-12-25 11:23:14.000000] [Memory: 0.48MB] Loading TCPDF library...
[2025-12-25 11:23:14.000000] [Memory: 0.48MB] ✓ tcpdf_include.php loaded
[25-Dec-2025 11:23:14 Asia/Kolkata] PHP Deprecated:  Array and string offset access syntax with curly braces is deprecated in /home/u444388293/domains/sarsspl.com/public_html/Lead_Management/Loyaltician/clubfourpoints/Leadpdf/generatepdf/TCPDF-master/tcpdf.php on line 16899
[25-Dec-2025 11:23:14 Asia/Kolkata] PHP Deprecated:  Array and string offset access syntax with curly braces is deprecated in /home/u444388293/domains/sarsspl.com/public_html/Lead_Management/Loyaltician/clubfourpoints/Leadpdf/generatepdf/TCPDF-master/tcpdf.php on line 16899
[25-Dec-2025 11:23:14 Asia/Kolkata] PHP Deprecated:  Array and string offset access syntax with curly braces is deprecated in /home/u444388293/domains/sarsspl.com/public_html/Lead_Management/Loyaltician/clubfourpoints/Leadpdf/generatepdf/TCPDF-master/tcpdf.php on line 16902
[25-Dec-2025 11:23:14 Asia/Kolkata] PHP Warning:  "continue" targeting switch is equivalent to "break". Did you mean to use "continue 2"? in /home/u444388293/domains/sarsspl.com/public_html/Lead_Management/Loyaltician/clubfourpoints/Leadpdf/generatepdf/TCPDF-master/tcpdf.php on line 17784
[25-Dec-2025 11:23:14 Asia/Kolkata] PHP Deprecated:  Array and string offset access syntax with curly braces is deprecated in /home/u444388293/domains/sarsspl.com/public_html/Lead_Management/Loyaltician/clubfourpoints/Leadpdf/generatepdf/TCPDF-master/include/tcpdf_images.php on line 318
[2025-12-25 11:23:14.000000] [Memory: 0.79MB] ✓ tcpdf.php loaded
[2025-12-25 11:23:14.000000] [Memory: 0.83MB] Creating PDF document...
[25-Dec-2025 11:23:14 Asia/Kolkata] PHP Warning:  chr() expects parameter 1 to be int, string given in /home/u444388293/domains/sarsspl.com/public_html/Lead_Management/Loyaltician/clubfourpoints/Leadpdf/generatepdf/TCPDF-master/include/tcpdf_fonts.php on line 1671
[2025-12-25 11:23:14.000000] [Memory: 0.87MB] ✓ PDF object created successfully
[2025-12-25 11:23:14.000000] [Memory: 0.87MB] Configuring PDF settings...
[2025-12-25 11:23:14.000000] [Memory: 0.89MB] ✓ PDF configured
[25-Dec-2025 11:23:14 Asia/Kolkata] PHP Notice:  Undefined variable: MembershipDetails_Level in /home/u444388293/domains/sarsspl.com/public_html/Lead_Management/Loyaltician/clubfourpoints/MemberCreation_Process.php on line 350
[25-Dec-2025 11:23:14 Asia/Kolkata] PHP Notice:  Undefined variable: MembershipDetails_Level in /home/u444388293/domains/sarsspl.com/public_html/Lead_Management/Loyaltician/clubfourpoints/MemberCreation_Process.php on line 350
[2025-12-25 11:23:14.000000] [Memory: 0.92MB] Querying Members table for LeadID: 80531
[2025-12-25 11:23:14.000000] [Memory: 0.94MB] ✓ Members data fetched, Level: 1
[2025-12-25 11:23:14.000000] [Memory: 0.94MB] Querying Level table...
[2025-12-25 11:23:14.000000] [Memory: 0.95MB] ✓ Level data fetched
[2025-12-25 11:23:14.000000] [Memory: 0.95MB] Querying voucher_Booklet table...
[2025-12-25 11:23:14.000000] [Memory: 0.97MB] ✓ Voucher booklet data fetched
[2025-12-25 11:23:14.000000] [Memory: 0.97MB] Starting database transaction...
[2025-12-25 11:23:14.000000] [Memory: 0.97MB] ✓ Transaction started
[2025-12-25 11:23:14.000000] [Memory: 0.97MB] Updating Members table...
[2025-12-25 11:23:14.000000] [Memory: 0.97MB] ✓ Members table updated successfully
[2025-12-25 11:23:14.000000] [Memory: 0.97MB] Updating Leads_table...
[2025-12-25 11:23:14.000000] [Memory: 0.97MB] ✓ Leads_table updated
[2025-12-25 11:23:14.000000] [Memory: 0.97MB] Updating voucher_Booklet...
[2025-12-25 11:23:14.000000] [Memory: 0.97MB] ✓ voucher_Booklet updated
[2025-12-25 11:23:14.000000] [Memory: 0.99MB] Inserting BarcodeScan records, count: 27
[2025-12-25 11:23:14.000000] [Memory: 0.99MB] ✓ BarcodeScan records inserted
[2025-12-25 11:23:14.000000] [Memory: 1.06MB] Processing membership level: 1
[2025-12-25 11:23:14.000000] [Memory: 1.06MB] Creating Gold membership email and PDF...
[2025-12-25 11:23:14.000000] [Memory: 1.27MB] ⚠ SKIPPING email to customer (Level 1 - Gold) - Email disabled for debugging
[2025-12-25 11:23:14.000000] [Memory: 1.27MB] Would send to: shashwathshetty.14@gmail.com
[2025-12-25 11:23:14.000000] [Memory: 1.27MB] Preparing enrollment statistics...
[2025-12-25 11:23:14.000000] [Memory: 1.42MB] Preparing internal notification message...
[2025-12-25 11:23:14.000000] [Memory: 1.43MB] Building message1 table...
[2025-12-25 11:23:14.000000] [Memory: 1.38MB] ⚠ SKIPPING internal notification email - Email disabled for debugging
[2025-12-25 11:23:14.000000] [Memory: 1.38MB] Sending log details email...
[2025-12-25 11:23:14.000000] [Memory: 1.38MB] ⚠ SKIPPING log details email - Email disabled for debugging
[2025-12-25 11:23:14.000000] [Memory: 1.38MB] Would send to: contactus@clubfourpoints.com
[2025-12-25 11:23:14.000000] [Memory: 1.38MB] Inserting voucher_Details: MembershipNumber=12455811, VoucherBookletNumber=12000603
[2025-12-25 11:23:14.000000] [Memory: 1.38MB] SQL Query: insert into voucher_Details (MembershipNumber,VoucherBookletNumber)values('12455811','12000603')
[2025-12-25 11:23:14.000000] [Memory: 1.38MB] ✓ voucher_Details inserted successfully
[2025-12-25 11:23:14.000000] [Memory: 1.38MB] Committing transaction...
[2025-12-25 11:23:14.000000] [Memory: 1.38MB] ✓ Transaction committed successfully
[2025-12-25 11:23:14.000000] [Memory: 1.38MB] === SCRIPT COMPLETED SUCCESSFULLY ===
[2025-12-25 11:23:14.000000] [Memory: 1.38MB] Total execution time: 0.14 seconds
[2025-12-25 11:23:14.000000] [Memory: 1.38MB] Peak memory usage: 13.19MB
[2025-12-25 05:55:51.000000] [Memory: 0.39MB] === SCRIPT STARTED ===
[2025-12-25 05:55:51.000000] [Memory: 0.39MB] ⚠️ DEBUG MODE: Email API calls are DISABLED
[2025-12-25 05:55:51.000000] [Memory: 0.39MB] PHP Version: 7.4.33
[2025-12-25 05:55:51.000000] [Memory: 0.39MB] Memory Limit: 512M
[2025-12-25 05:55:51.000000] [Memory: 0.39MB] Max Execution Time: 300s
[2025-12-25 05:55:51.000000] [Memory: 0.39MB] Loading config files...
[2025-12-25 11:25:51.000000] [Memory: 0.48MB] ✓ config.php loaded successfully
[2025-12-25 11:25:51.000000] [Memory: 0.48MB] ✓ number_to_wordConvert.php loaded successfully
[2025-12-25 11:25:51.000000] [Memory: 0.48MB] Collecting POST data...
[2025-12-25 11:25:51.000000] [Memory: 0.48MB] Static_LeadID: 80532
[2025-12-25 11:25:51.000000] [Memory: 0.48MB] Attachment path set: https://sarsspl.com/Lead_Management/Loyaltician/clubfourpoints/Leadpdf/memberpdf/Mr. Pankaj Gami.pdf
[2025-12-25 11:25:51.000000] [Memory: 0.48MB] Loading TCPDF library...
[2025-12-25 11:25:51.000000] [Memory: 0.48MB] ✓ tcpdf_include.php loaded
[2025-12-25 11:25:51.000000] [Memory: 0.62MB] ✓ tcpdf.php loaded
[2025-12-25 11:25:51.000000] [Memory: 0.76MB] Creating PDF document...
[25-Dec-2025 11:25:51 Asia/Kolkata] PHP Warning:  chr() expects parameter 1 to be int, string given in /home/u444388293/domains/sarsspl.com/public_html/Lead_Management/Loyaltician/clubfourpoints/Leadpdf/generatepdf/TCPDF-master/include/tcpdf_fonts.php on line 1671
[2025-12-25 11:25:51.000000] [Memory: 0.8MB] ✓ PDF object created successfully
[2025-12-25 11:25:51.000000] [Memory: 0.8MB] Configuring PDF settings...
[2025-12-25 11:25:51.000000] [Memory: 0.82MB] ✓ PDF configured
[25-Dec-2025 11:25:51 Asia/Kolkata] PHP Notice:  Undefined variable: MembershipDetails_Level in /home/u444388293/domains/sarsspl.com/public_html/Lead_Management/Loyaltician/clubfourpoints/MemberCreation_Process.php on line 350
[25-Dec-2025 11:25:51 Asia/Kolkata] PHP Notice:  Undefined variable: MembershipDetails_Level in /home/u444388293/domains/sarsspl.com/public_html/Lead_Management/Loyaltician/clubfourpoints/MemberCreation_Process.php on line 350
[2025-12-25 11:25:51.000000] [Memory: 0.85MB] Querying Members table for LeadID: 80532
[2025-12-25 11:25:51.000000] [Memory: 0.87MB] ✓ Members data fetched, Level: 2
[2025-12-25 11:25:51.000000] [Memory: 0.87MB] Querying Level table...
[2025-12-25 11:25:51.000000] [Memory: 0.89MB] ✓ Level data fetched
[2025-12-25 11:25:51.000000] [Memory: 0.89MB] Querying voucher_Booklet table...
[2025-12-25 11:25:51.000000] [Memory: 0.9MB] ✓ Voucher booklet data fetched
[2025-12-25 11:25:51.000000] [Memory: 0.9MB] Starting database transaction...
[2025-12-25 11:25:51.000000] [Memory: 0.9MB] ✓ Transaction started
[2025-12-25 11:25:51.000000] [Memory: 0.9MB] Updating Members table...
[2025-12-25 11:25:51.000000] [Memory: 0.9MB] ✓ Members table updated successfully
[2025-12-25 11:25:51.000000] [Memory: 0.9MB] Updating Leads_table...
[2025-12-25 11:25:51.000000] [Memory: 0.9MB] ✓ Leads_table updated
[2025-12-25 11:25:51.000000] [Memory: 0.9MB] Updating voucher_Booklet...
[2025-12-25 11:25:51.000000] [Memory: 0.9MB] ✓ voucher_Booklet updated
[2025-12-25 11:25:51.000000] [Memory: 0.92MB] Inserting BarcodeScan records, count: 36
[2025-12-25 11:25:51.000000] [Memory: 0.92MB] ✓ BarcodeScan records inserted
[2025-12-25 11:25:51.000000] [Memory: 1MB] Processing membership level: 2
[2025-12-25 11:25:51.000000] [Memory: 1.23MB] ⚠ SKIPPING email to customer (Level 2 - Platinum) - Email disabled for debugging
[2025-12-25 11:25:51.000000] [Memory: 1.23MB] Would send to: pankajgami1991@gmail.com
[2025-12-25 11:25:51.000000] [Memory: 1.23MB] Preparing enrollment statistics...
[2025-12-25 11:25:51.000000] [Memory: 1.38MB] Preparing internal notification message...
[2025-12-25 11:25:51.000000] [Memory: 1.4MB] Building message1 table...
[2025-12-25 11:25:51.000000] [Memory: 1.33MB] ⚠ SKIPPING internal notification email - Email disabled for debugging
[2025-12-25 11:25:51.000000] [Memory: 1.33MB] Sending log details email...
[2025-12-25 11:25:51.000000] [Memory: 1.33MB] ⚠ SKIPPING log details email - Email disabled for debugging
[2025-12-25 11:25:51.000000] [Memory: 1.33MB] Would send to: contactus@clubfourpoints.com
[2025-12-25 11:25:51.000000] [Memory: 1.33MB] Inserting voucher_Details: MembershipNumber=14190921, VoucherBookletNumber=14001028
[2025-12-25 11:25:51.000000] [Memory: 1.33MB] SQL Query: insert into voucher_Details (MembershipNumber,VoucherBookletNumber)values('14190921','14001028')
[2025-12-25 11:25:51.000000] [Memory: 1.33MB] ✓ voucher_Details inserted successfully
[2025-12-25 11:25:51.000000] [Memory: 1.33MB] Committing transaction...
[2025-12-25 11:25:51.000000] [Memory: 1.33MB] ✓ Transaction committed successfully
[2025-12-25 11:25:51.000000] [Memory: 1.33MB] === SCRIPT COMPLETED SUCCESSFULLY ===
[2025-12-25 11:25:51.000000] [Memory: 1.33MB] Total execution time: 0.04 seconds
[2025-12-25 11:25:51.000000] [Memory: 1.33MB] Peak memory usage: 1.95MB
[2025-12-31 14:14:12.000000] [Memory: 0.39MB] === SCRIPT STARTED ===
[2025-12-31 14:14:12.000000] [Memory: 0.39MB] ⚠️ DEBUG MODE: Email API calls are DISABLED
[2025-12-31 14:14:12.000000] [Memory: 0.39MB] PHP Version: 7.4.33
[2025-12-31 14:14:12.000000] [Memory: 0.39MB] Memory Limit: 512M
[2025-12-31 14:14:12.000000] [Memory: 0.39MB] Max Execution Time: 300s
[2025-12-31 14:14:12.000000] [Memory: 0.39MB] Loading config files...
[2025-12-31 19:44:12.000000] [Memory: 0.48MB] ✓ config.php loaded successfully
[2025-12-31 19:44:12.000000] [Memory: 0.48MB] ✓ number_to_wordConvert.php loaded successfully
[2025-12-31 19:44:12.000000] [Memory: 0.48MB] Collecting POST data...
[2025-12-31 19:44:12.000000] [Memory: 0.48MB] Static_LeadID: 80533
[2025-12-31 19:44:12.000000] [Memory: 0.49MB] Attachment path set: https://sarsspl.com/Lead_Management/Loyaltician/clubfourpoints/Leadpdf/memberpdf/Mr. Anil Mavji Patel.pdf
[2025-12-31 19:44:12.000000] [Memory: 0.49MB] Loading TCPDF library...
[2025-12-31 19:44:12.000000] [Memory: 0.49MB] ✓ tcpdf_include.php loaded
[2025-12-31 19:44:12.000000] [Memory: 0.63MB] ✓ tcpdf.php loaded
[2025-12-31 19:44:12.000000] [Memory: 0.77MB] Creating PDF document...
[31-Dec-2025 19:44:12 Asia/Kolkata] PHP Warning:  chr() expects parameter 1 to be int, string given in /home/u444388293/domains/sarsspl.com/public_html/Lead_Management/Loyaltician/clubfourpoints/Leadpdf/generatepdf/TCPDF-master/include/tcpdf_fonts.php on line 1671
[2025-12-31 19:44:12.000000] [Memory: 0.81MB] ✓ PDF object created successfully
[2025-12-31 19:44:12.000000] [Memory: 0.81MB] Configuring PDF settings...
[2025-12-31 19:44:12.000000] [Memory: 0.83MB] ✓ PDF configured
[31-Dec-2025 19:44:12 Asia/Kolkata] PHP Notice:  Undefined variable: MembershipDetails_Level in /home/u444388293/domains/sarsspl.com/public_html/Lead_Management/Loyaltician/clubfourpoints/MemberCreation_Process.php on line 350
[31-Dec-2025 19:44:12 Asia/Kolkata] PHP Notice:  Undefined variable: MembershipDetails_Level in /home/u444388293/domains/sarsspl.com/public_html/Lead_Management/Loyaltician/clubfourpoints/MemberCreation_Process.php on line 350
[2025-12-31 19:44:12.000000] [Memory: 0.86MB] Querying Members table for LeadID: 80533
[2025-12-31 19:44:12.000000] [Memory: 0.88MB] ✓ Members data fetched, Level: 2
[2025-12-31 19:44:12.000000] [Memory: 0.88MB] Querying Level table...
[2025-12-31 19:44:12.000000] [Memory: 0.9MB] ✓ Level data fetched
[2025-12-31 19:44:12.000000] [Memory: 0.9MB] Querying voucher_Booklet table...
[2025-12-31 19:44:12.000000] [Memory: 0.91MB] ✓ Voucher booklet data fetched
[2025-12-31 19:44:12.000000] [Memory: 0.91MB] Starting database transaction...
[2025-12-31 19:44:12.000000] [Memory: 0.91MB] ✓ Transaction started
[2025-12-31 19:44:12.000000] [Memory: 0.91MB] Updating Members table...
[2025-12-31 19:44:12.000000] [Memory: 0.91MB] ✓ Members table updated successfully
[2025-12-31 19:44:12.000000] [Memory: 0.91MB] Updating Leads_table...
[2025-12-31 19:44:12.000000] [Memory: 0.91MB] ✓ Leads_table updated
[2025-12-31 19:44:12.000000] [Memory: 0.91MB] Updating voucher_Booklet...
[2025-12-31 19:44:12.000000] [Memory: 0.91MB] ✓ voucher_Booklet updated
[2025-12-31 19:44:12.000000] [Memory: 0.93MB] Inserting BarcodeScan records, count: 36
[2025-12-31 19:44:12.000000] [Memory: 0.93MB] ✓ BarcodeScan records inserted
[2025-12-31 19:44:12.000000] [Memory: 1.01MB] Processing membership level: 2
[2025-12-31 19:44:12.000000] [Memory: 1.24MB] ⚠ SKIPPING email to customer (Level 2 - Platinum) - Email disabled for debugging
[2025-12-31 19:44:12.000000] [Memory: 1.24MB] Would send to: anilbangari91@gmail.com
[2025-12-31 19:44:12.000000] [Memory: 1.24MB] Preparing enrollment statistics...
[2025-12-31 19:44:12.000000] [Memory: 1.39MB] Preparing internal notification message...
[2025-12-31 19:44:12.000000] [Memory: 1.41MB] Building message1 table...
[2025-12-31 19:44:12.000000] [Memory: 1.34MB] ⚠ SKIPPING internal notification email - Email disabled for debugging
[2025-12-31 19:44:12.000000] [Memory: 1.34MB] Sending log details email...
[2025-12-31 19:44:12.000000] [Memory: 1.34MB] ⚠ SKIPPING log details email - Email disabled for debugging
[2025-12-31 19:44:12.000000] [Memory: 1.34MB] Would send to: contactus@clubfourpoints.com
[2025-12-31 19:44:12.000000] [Memory: 1.34MB] Inserting voucher_Details: MembershipNumber=14535191, VoucherBookletNumber=14001036
[2025-12-31 19:44:12.000000] [Memory: 1.34MB] SQL Query: insert into voucher_Details (MembershipNumber,VoucherBookletNumber)values('14535191','14001036')
[2025-12-31 19:44:12.000000] [Memory: 1.34MB] ✓ voucher_Details inserted successfully
[2025-12-31 19:44:12.000000] [Memory: 1.34MB] Committing transaction...
[2025-12-31 19:44:12.000000] [Memory: 1.34MB] ✓ Transaction committed successfully
[2025-12-31 19:44:12.000000] [Memory: 1.34MB] === SCRIPT COMPLETED SUCCESSFULLY ===
[2025-12-31 19:44:12.000000] [Memory: 1.34MB] Total execution time: 0.04 seconds
[2025-12-31 19:44:12.000000] [Memory: 1.34MB] Peak memory usage: 1.95MB
[2026-01-02 05:42:40.000000] [Memory: 0.39MB] === SCRIPT STARTED ===
[2026-01-02 05:42:40.000000] [Memory: 0.39MB] ⚠️ DEBUG MODE: Email API calls are DISABLED
[2026-01-02 05:42:40.000000] [Memory: 0.39MB] PHP Version: 7.4.33
[2026-01-02 05:42:40.000000] [Memory: 0.39MB] Memory Limit: 512M
[2026-01-02 05:42:40.000000] [Memory: 0.39MB] Max Execution Time: 300s
[2026-01-02 05:42:40.000000] [Memory: 0.39MB] Loading config files...
[2026-01-02 11:12:40.000000] [Memory: 0.48MB] ✓ config.php loaded successfully
[2026-01-02 11:12:40.000000] [Memory: 0.48MB] ✓ number_to_wordConvert.php loaded successfully
[2026-01-02 11:12:40.000000] [Memory: 0.48MB] Collecting POST data...
[2026-01-02 11:12:40.000000] [Memory: 0.48MB] Static_LeadID: 80535
[2026-01-02 11:12:40.000000] [Memory: 0.48MB] Attachment path set: https://sarsspl.com/Lead_Management/Loyaltician/clubfourpoints/Leadpdf/memberpdf/Mrs. Sadiya Gandhi.pdf
[2026-01-02 11:12:40.000000] [Memory: 0.48MB] Loading TCPDF library...
[2026-01-02 11:12:40.000000] [Memory: 0.48MB] ✓ tcpdf_include.php loaded
[02-Jan-2026 11:12:40 Asia/Kolkata] PHP Deprecated:  Array and string offset access syntax with curly braces is deprecated in /home/u444388293/domains/sarsspl.com/public_html/Lead_Management/Loyaltician/clubfourpoints/Leadpdf/generatepdf/TCPDF-master/tcpdf.php on line 16899
[02-Jan-2026 11:12:40 Asia/Kolkata] PHP Deprecated:  Array and string offset access syntax with curly braces is deprecated in /home/u444388293/domains/sarsspl.com/public_html/Lead_Management/Loyaltician/clubfourpoints/Leadpdf/generatepdf/TCPDF-master/tcpdf.php on line 16899
[02-Jan-2026 11:12:40 Asia/Kolkata] PHP Deprecated:  Array and string offset access syntax with curly braces is deprecated in /home/u444388293/domains/sarsspl.com/public_html/Lead_Management/Loyaltician/clubfourpoints/Leadpdf/generatepdf/TCPDF-master/tcpdf.php on line 16902
[02-Jan-2026 11:12:40 Asia/Kolkata] PHP Warning:  "continue" targeting switch is equivalent to "break". Did you mean to use "continue 2"? in /home/u444388293/domains/sarsspl.com/public_html/Lead_Management/Loyaltician/clubfourpoints/Leadpdf/generatepdf/TCPDF-master/tcpdf.php on line 17784
[02-Jan-2026 11:12:40 Asia/Kolkata] PHP Deprecated:  Array and string offset access syntax with curly braces is deprecated in /home/u444388293/domains/sarsspl.com/public_html/Lead_Management/Loyaltician/clubfourpoints/Leadpdf/generatepdf/TCPDF-master/include/tcpdf_images.php on line 318
[2026-01-02 11:12:40.000000] [Memory: 0.79MB] ✓ tcpdf.php loaded
[2026-01-02 11:12:40.000000] [Memory: 0.83MB] Creating PDF document...
[02-Jan-2026 11:12:40 Asia/Kolkata] PHP Warning:  chr() expects parameter 1 to be int, string given in /home/u444388293/domains/sarsspl.com/public_html/Lead_Management/Loyaltician/clubfourpoints/Leadpdf/generatepdf/TCPDF-master/include/tcpdf_fonts.php on line 1671
[2026-01-02 11:12:40.000000] [Memory: 0.87MB] ✓ PDF object created successfully
[2026-01-02 11:12:40.000000] [Memory: 0.87MB] Configuring PDF settings...
[2026-01-02 11:12:40.000000] [Memory: 0.89MB] ✓ PDF configured
[02-Jan-2026 11:12:40 Asia/Kolkata] PHP Notice:  Undefined variable: MembershipDetails_Level in /home/u444388293/domains/sarsspl.com/public_html/Lead_Management/Loyaltician/clubfourpoints/MemberCreation_Process.php on line 350
[02-Jan-2026 11:12:40 Asia/Kolkata] PHP Notice:  Undefined variable: MembershipDetails_Level in /home/u444388293/domains/sarsspl.com/public_html/Lead_Management/Loyaltician/clubfourpoints/MemberCreation_Process.php on line 350
[2026-01-02 11:12:40.000000] [Memory: 0.92MB] Querying Members table for LeadID: 80535
[2026-01-02 11:12:40.000000] [Memory: 0.94MB] ✓ Members data fetched, Level: 1
[2026-01-02 11:12:40.000000] [Memory: 0.94MB] Querying Level table...
[2026-01-02 11:12:40.000000] [Memory: 0.95MB] ✓ Level data fetched
[2026-01-02 11:12:40.000000] [Memory: 0.95MB] Querying voucher_Booklet table...
[2026-01-02 11:12:40.000000] [Memory: 0.97MB] ✓ Voucher booklet data fetched
[2026-01-02 11:12:40.000000] [Memory: 0.97MB] Starting database transaction...
[2026-01-02 11:12:40.000000] [Memory: 0.97MB] ✓ Transaction started
[2026-01-02 11:12:40.000000] [Memory: 0.97MB] Updating Members table...
[2026-01-02 11:12:40.000000] [Memory: 0.97MB] ✓ Members table updated successfully
[2026-01-02 11:12:40.000000] [Memory: 0.97MB] Updating Leads_table...
[2026-01-02 11:12:40.000000] [Memory: 0.97MB] ✓ Leads_table updated
[2026-01-02 11:12:40.000000] [Memory: 0.97MB] Updating voucher_Booklet...
[2026-01-02 11:12:40.000000] [Memory: 0.97MB] ✓ voucher_Booklet updated
[2026-01-02 11:12:40.000000] [Memory: 0.99MB] Inserting BarcodeScan records, count: 27
[2026-01-02 11:12:40.000000] [Memory: 0.99MB] ✓ BarcodeScan records inserted
[2026-01-02 11:12:40.000000] [Memory: 1.06MB] Processing membership level: 1
[2026-01-02 11:12:40.000000] [Memory: 1.06MB] Creating Gold membership email and PDF...
[2026-01-02 11:12:40.000000] [Memory: 1.27MB] ⚠ SKIPPING email to customer (Level 1 - Gold) - Email disabled for debugging
[2026-01-02 11:12:40.000000] [Memory: 1.27MB] Would send to: creativebaron@hotmail.com
[2026-01-02 11:12:40.000000] [Memory: 1.27MB] Preparing enrollment statistics...
[2026-01-02 11:12:40.000000] [Memory: 1.42MB] Preparing internal notification message...
[2026-01-02 11:12:40.000000] [Memory: 1.43MB] Building message1 table...
[2026-01-02 11:12:40.000000] [Memory: 1.38MB] ⚠ SKIPPING internal notification email - Email disabled for debugging
[2026-01-02 11:12:40.000000] [Memory: 1.38MB] Sending log details email...
[2026-01-02 11:12:40.000000] [Memory: 1.38MB] ⚠ SKIPPING log details email - Email disabled for debugging
[2026-01-02 11:12:40.000000] [Memory: 1.38MB] Would send to: contactus@clubfourpoints.com
[2026-01-02 11:12:40.000000] [Memory: 1.38MB] Inserting voucher_Details: MembershipNumber=12283321, VoucherBookletNumber=12000605
[2026-01-02 11:12:40.000000] [Memory: 1.38MB] SQL Query: insert into voucher_Details (MembershipNumber,VoucherBookletNumber)values('12283321','12000605')
[2026-01-02 11:12:40.000000] [Memory: 1.38MB] ✓ voucher_Details inserted successfully
[2026-01-02 11:12:40.000000] [Memory: 1.38MB] Committing transaction...
[2026-01-02 11:12:40.000000] [Memory: 1.38MB] ✓ Transaction committed successfully
[2026-01-02 11:12:40.000000] [Memory: 1.38MB] === SCRIPT COMPLETED SUCCESSFULLY ===
[2026-01-02 11:12:40.000000] [Memory: 1.38MB] Total execution time: 0.18 seconds
[2026-01-02 11:12:40.000000] [Memory: 1.38MB] Peak memory usage: 12.73MB
[2026-01-02 06:25:47.000000] [Memory: 0.39MB] === SCRIPT STARTED ===
[2026-01-02 06:25:47.000000] [Memory: 0.39MB] ⚠️ DEBUG MODE: Email API calls are DISABLED
[2026-01-02 06:25:47.000000] [Memory: 0.39MB] PHP Version: 7.4.33
[2026-01-02 06:25:47.000000] [Memory: 0.39MB] Memory Limit: 512M
[2026-01-02 06:25:47.000000] [Memory: 0.39MB] Max Execution Time: 300s
[2026-01-02 06:25:47.000000] [Memory: 0.39MB] Loading config files...
[2026-01-02 11:55:47.000000] [Memory: 0.48MB] ✓ config.php loaded successfully
[2026-01-02 11:55:47.000000] [Memory: 0.48MB] ✓ number_to_wordConvert.php loaded successfully
[2026-01-02 11:55:47.000000] [Memory: 0.48MB] Collecting POST data...
[2026-01-02 11:55:47.000000] [Memory: 0.48MB] Static_LeadID: 80536
[2026-01-02 11:55:47.000000] [Memory: 0.48MB] Attachment path set: https://sarsspl.com/Lead_Management/Loyaltician/clubfourpoints/Leadpdf/memberpdf/Kawaljit Singh Ratti.pdf
[2026-01-02 11:55:47.000000] [Memory: 0.48MB] Loading TCPDF library...
[2026-01-02 11:55:47.000000] [Memory: 0.48MB] ✓ tcpdf_include.php loaded
[2026-01-02 11:55:47.000000] [Memory: 0.62MB] ✓ tcpdf.php loaded
[2026-01-02 11:55:47.000000] [Memory: 0.76MB] Creating PDF document...
[02-Jan-2026 11:55:47 Asia/Kolkata] PHP Warning:  chr() expects parameter 1 to be int, string given in /home/u444388293/domains/sarsspl.com/public_html/Lead_Management/Loyaltician/clubfourpoints/Leadpdf/generatepdf/TCPDF-master/include/tcpdf_fonts.php on line 1671
[2026-01-02 11:55:47.000000] [Memory: 0.8MB] ✓ PDF object created successfully
[2026-01-02 11:55:47.000000] [Memory: 0.8MB] Configuring PDF settings...
[2026-01-02 11:55:47.000000] [Memory: 0.82MB] ✓ PDF configured
[02-Jan-2026 11:55:47 Asia/Kolkata] PHP Notice:  Undefined variable: MembershipDetails_Level in /home/u444388293/domains/sarsspl.com/public_html/Lead_Management/Loyaltician/clubfourpoints/MemberCreation_Process.php on line 350
[02-Jan-2026 11:55:47 Asia/Kolkata] PHP Notice:  Undefined variable: MembershipDetails_Level in /home/u444388293/domains/sarsspl.com/public_html/Lead_Management/Loyaltician/clubfourpoints/MemberCreation_Process.php on line 350
[2026-01-02 11:55:47.000000] [Memory: 0.85MB] Querying Members table for LeadID: 80536
[2026-01-02 11:55:47.000000] [Memory: 0.87MB] ✓ Members data fetched, Level: 2
[2026-01-02 11:55:47.000000] [Memory: 0.87MB] Querying Level table...
[2026-01-02 11:55:47.000000] [Memory: 0.89MB] ✓ Level data fetched
[2026-01-02 11:55:47.000000] [Memory: 0.89MB] Querying voucher_Booklet table...
[2026-01-02 11:55:47.000000] [Memory: 0.9MB] ✓ Voucher booklet data fetched
[2026-01-02 11:55:47.000000] [Memory: 0.9MB] Starting database transaction...
[2026-01-02 11:55:47.000000] [Memory: 0.9MB] ✓ Transaction started
[2026-01-02 11:55:47.000000] [Memory: 0.9MB] Updating Members table...
[2026-01-02 11:55:47.000000] [Memory: 0.9MB] ✓ Members table updated successfully
[2026-01-02 11:55:47.000000] [Memory: 0.9MB] Updating Leads_table...
[2026-01-02 11:55:47.000000] [Memory: 0.9MB] ✓ Leads_table updated
[2026-01-02 11:55:47.000000] [Memory: 0.9MB] Updating voucher_Booklet...
[2026-01-02 11:55:47.000000] [Memory: 0.9MB] ✓ voucher_Booklet updated
[2026-01-02 11:55:47.000000] [Memory: 0.92MB] Inserting BarcodeScan records, count: 36
[2026-01-02 11:55:47.000000] [Memory: 0.92MB] ✓ BarcodeScan records inserted
[2026-01-02 11:55:47.000000] [Memory: 1MB] Processing membership level: 2
[2026-01-02 11:55:47.000000] [Memory: 1.23MB] ⚠ SKIPPING email to customer (Level 2 - Platinum) - Email disabled for debugging
[2026-01-02 11:55:47.000000] [Memory: 1.23MB] Would send to: kawaljit_ratti@yahoo.com
[2026-01-02 11:55:47.000000] [Memory: 1.23MB] Preparing enrollment statistics...
[2026-01-02 11:55:47.000000] [Memory: 1.38MB] Preparing internal notification message...
[2026-01-02 11:55:47.000000] [Memory: 1.4MB] Building message1 table...
[2026-01-02 11:55:47.000000] [Memory: 1.33MB] ⚠ SKIPPING internal notification email - Email disabled for debugging
[2026-01-02 11:55:47.000000] [Memory: 1.33MB] Sending log details email...
[2026-01-02 11:55:47.000000] [Memory: 1.33MB] ⚠ SKIPPING log details email - Email disabled for debugging
[2026-01-02 11:55:47.000000] [Memory: 1.33MB] Would send to: contactus@clubfourpoints.com
[2026-01-02 11:55:47.000000] [Memory: 1.33MB] Inserting voucher_Details: MembershipNumber=14450531, VoucherBookletNumber=14001037
[2026-01-02 11:55:47.000000] [Memory: 1.33MB] SQL Query: insert into voucher_Details (MembershipNumber,VoucherBookletNumber)values('14450531','14001037')
[2026-01-02 11:55:47.000000] [Memory: 1.33MB] ✓ voucher_Details inserted successfully
[2026-01-02 11:55:47.000000] [Memory: 1.33MB] Committing transaction...
[2026-01-02 11:55:47.000000] [Memory: 1.33MB] ✓ Transaction committed successfully
[2026-01-02 11:55:47.000000] [Memory: 1.33MB] === SCRIPT COMPLETED SUCCESSFULLY ===
[2026-01-02 11:55:47.000000] [Memory: 1.33MB] Total execution time: 0.38 seconds
[2026-01-02 11:55:47.000000] [Memory: 1.33MB] Peak memory usage: 1.95MB
[2026-01-02 06:34:22.000000] [Memory: 0.39MB] === SCRIPT STARTED ===
[2026-01-02 06:34:22.000000] [Memory: 0.39MB] ⚠️ DEBUG MODE: Email API calls are DISABLED
[2026-01-02 06:34:22.000000] [Memory: 0.39MB] PHP Version: 7.4.33
[2026-01-02 06:34:22.000000] [Memory: 0.39MB] Memory Limit: 512M
[2026-01-02 06:34:22.000000] [Memory: 0.39MB] Max Execution Time: 300s
[2026-01-02 06:34:22.000000] [Memory: 0.39MB] Loading config files...
[2026-01-02 12:04:22.000000] [Memory: 0.48MB] ✓ config.php loaded successfully
[2026-01-02 12:04:22.000000] [Memory: 0.48MB] ✓ number_to_wordConvert.php loaded successfully
[2026-01-02 12:04:22.000000] [Memory: 0.48MB] Collecting POST data...
[2026-01-02 12:04:22.000000] [Memory: 0.48MB] Static_LeadID: 80537
[2026-01-02 12:04:22.000000] [Memory: 0.48MB] Attachment path set: https://sarsspl.com/Lead_Management/Loyaltician/clubfourpoints/Leadpdf/memberpdf/Mr. Neenad Jambhulkar.pdf
[2026-01-02 12:04:22.000000] [Memory: 0.48MB] Loading TCPDF library...
[2026-01-02 12:04:22.000000] [Memory: 0.48MB] ✓ tcpdf_include.php loaded
[2026-01-02 12:04:22.000000] [Memory: 0.62MB] ✓ tcpdf.php loaded
[2026-01-02 12:04:22.000000] [Memory: 0.76MB] Creating PDF document...
[02-Jan-2026 12:04:22 Asia/Kolkata] PHP Warning:  chr() expects parameter 1 to be int, string given in /home/u444388293/domains/sarsspl.com/public_html/Lead_Management/Loyaltician/clubfourpoints/Leadpdf/generatepdf/TCPDF-master/include/tcpdf_fonts.php on line 1671
[2026-01-02 12:04:22.000000] [Memory: 0.8MB] ✓ PDF object created successfully
[2026-01-02 12:04:22.000000] [Memory: 0.8MB] Configuring PDF settings...
[2026-01-02 12:04:22.000000] [Memory: 0.82MB] ✓ PDF configured
[02-Jan-2026 12:04:22 Asia/Kolkata] PHP Notice:  Undefined variable: MembershipDetails_Level in /home/u444388293/domains/sarsspl.com/public_html/Lead_Management/Loyaltician/clubfourpoints/MemberCreation_Process.php on line 350
[02-Jan-2026 12:04:22 Asia/Kolkata] PHP Notice:  Undefined variable: MembershipDetails_Level in /home/u444388293/domains/sarsspl.com/public_html/Lead_Management/Loyaltician/clubfourpoints/MemberCreation_Process.php on line 350
[2026-01-02 12:04:22.000000] [Memory: 0.85MB] Querying Members table for LeadID: 80537
[2026-01-02 12:04:22.000000] [Memory: 0.87MB] ✓ Members data fetched, Level: 2
[2026-01-02 12:04:22.000000] [Memory: 0.87MB] Querying Level table...
[2026-01-02 12:04:22.000000] [Memory: 0.89MB] ✓ Level data fetched
[2026-01-02 12:04:22.000000] [Memory: 0.89MB] Querying voucher_Booklet table...
[2026-01-02 12:04:22.000000] [Memory: 0.9MB] ✓ Voucher booklet data fetched
[2026-01-02 12:04:22.000000] [Memory: 0.9MB] Starting database transaction...
[2026-01-02 12:04:22.000000] [Memory: 0.9MB] ✓ Transaction started
[2026-01-02 12:04:22.000000] [Memory: 0.9MB] Updating Members table...
[2026-01-02 12:04:22.000000] [Memory: 0.9MB] ✓ Members table updated successfully
[2026-01-02 12:04:22.000000] [Memory: 0.9MB] Updating Leads_table...
[2026-01-02 12:04:22.000000] [Memory: 0.9MB] ✓ Leads_table updated
[2026-01-02 12:04:22.000000] [Memory: 0.9MB] Updating voucher_Booklet...
[2026-01-02 12:04:22.000000] [Memory: 0.9MB] ✓ voucher_Booklet updated
[2026-01-02 12:04:22.000000] [Memory: 0.92MB] Inserting BarcodeScan records, count: 36
[2026-01-02 12:04:22.000000] [Memory: 0.92MB] ✓ BarcodeScan records inserted
[2026-01-02 12:04:22.000000] [Memory: 1MB] Processing membership level: 2
[2026-01-02 12:04:22.000000] [Memory: 1.23MB] ⚠ SKIPPING email to customer (Level 2 - Platinum) - Email disabled for debugging
[2026-01-02 12:04:22.000000] [Memory: 1.23MB] Would send to: neenadj88@gmail.com
[2026-01-02 12:04:22.000000] [Memory: 1.23MB] Preparing enrollment statistics...
[2026-01-02 12:04:22.000000] [Memory: 1.38MB] Preparing internal notification message...
[2026-01-02 12:04:22.000000] [Memory: 1.4MB] Building message1 table...
[2026-01-02 12:04:22.000000] [Memory: 1.33MB] ⚠ SKIPPING internal notification email - Email disabled for debugging
[2026-01-02 12:04:22.000000] [Memory: 1.33MB] Sending log details email...
[2026-01-02 12:04:22.000000] [Memory: 1.33MB] ⚠ SKIPPING log details email - Email disabled for debugging
[2026-01-02 12:04:22.000000] [Memory: 1.33MB] Would send to: contactus@clubfourpoints.com
[2026-01-02 12:04:22.000000] [Memory: 1.33MB] Inserting voucher_Details: MembershipNumber=14546421, VoucherBookletNumber=14001038
[2026-01-02 12:04:22.000000] [Memory: 1.33MB] SQL Query: insert into voucher_Details (MembershipNumber,VoucherBookletNumber)values('14546421','14001038')
[2026-01-02 12:04:22.000000] [Memory: 1.33MB] ✓ voucher_Details inserted successfully
[2026-01-02 12:04:22.000000] [Memory: 1.33MB] Committing transaction...
[2026-01-02 12:04:22.000000] [Memory: 1.33MB] ✓ Transaction committed successfully
[2026-01-02 12:04:22.000000] [Memory: 1.33MB] === SCRIPT COMPLETED SUCCESSFULLY ===
[2026-01-02 12:04:22.000000] [Memory: 1.33MB] Total execution time: 0.07 seconds
[2026-01-02 12:04:22.000000] [Memory: 1.33MB] Peak memory usage: 1.94MB
[2026-01-06 08:01:43.000000] [Memory: 0.39MB] === SCRIPT STARTED ===
[2026-01-06 08:01:43.000000] [Memory: 0.39MB] ⚠️ DEBUG MODE: Email API calls are DISABLED
[2026-01-06 08:01:43.000000] [Memory: 0.39MB] PHP Version: 7.4.33
[2026-01-06 08:01:43.000000] [Memory: 0.39MB] Memory Limit: 512M
[2026-01-06 08:01:43.000000] [Memory: 0.39MB] Max Execution Time: 300s
[2026-01-06 08:01:43.000000] [Memory: 0.39MB] Loading config files...
[2026-01-06 13:31:43.000000] [Memory: 0.48MB] ✓ config.php loaded successfully
[2026-01-06 13:31:43.000000] [Memory: 0.48MB] ✓ number_to_wordConvert.php loaded successfully
[2026-01-06 13:31:43.000000] [Memory: 0.48MB] Collecting POST data...
[2026-01-06 13:31:43.000000] [Memory: 0.48MB] Static_LeadID: 80538
[2026-01-06 13:31:43.000000] [Memory: 0.49MB] Attachment path set: https://sarsspl.com/Lead_Management/Loyaltician/clubfourpoints/Leadpdf/memberpdf/Mr. Mohan B Kalbere.pdf
[2026-01-06 13:31:43.000000] [Memory: 0.49MB] Loading TCPDF library...
[2026-01-06 13:31:43.000000] [Memory: 0.49MB] ✓ tcpdf_include.php loaded
[2026-01-06 13:31:43.000000] [Memory: 0.63MB] ✓ tcpdf.php loaded
[2026-01-06 13:31:43.000000] [Memory: 0.77MB] Creating PDF document...
[06-Jan-2026 13:31:43 Asia/Kolkata] PHP Warning:  chr() expects parameter 1 to be int, string given in /home/u444388293/domains/sarsspl.com/public_html/Lead_Management/Loyaltician/clubfourpoints/Leadpdf/generatepdf/TCPDF-master/include/tcpdf_fonts.php on line 1671
[2026-01-06 13:31:43.000000] [Memory: 0.81MB] ✓ PDF object created successfully
[2026-01-06 13:31:43.000000] [Memory: 0.81MB] Configuring PDF settings...
[2026-01-06 13:31:43.000000] [Memory: 0.83MB] ✓ PDF configured
[06-Jan-2026 13:31:43 Asia/Kolkata] PHP Notice:  Undefined variable: MembershipDetails_Level in /home/u444388293/domains/sarsspl.com/public_html/Lead_Management/Loyaltician/clubfourpoints/MemberCreation_Process.php on line 350
[06-Jan-2026 13:31:43 Asia/Kolkata] PHP Notice:  Undefined variable: MembershipDetails_Level in /home/u444388293/domains/sarsspl.com/public_html/Lead_Management/Loyaltician/clubfourpoints/MemberCreation_Process.php on line 350
[2026-01-06 13:31:43.000000] [Memory: 0.86MB] Querying Members table for LeadID: 80538
[2026-01-06 13:31:43.000000] [Memory: 0.88MB] ✓ Members data fetched, Level: 2
[2026-01-06 13:31:43.000000] [Memory: 0.88MB] Querying Level table...
[2026-01-06 13:31:43.000000] [Memory: 0.9MB] ✓ Level data fetched
[2026-01-06 13:31:43.000000] [Memory: 0.9MB] Querying voucher_Booklet table...
[2026-01-06 13:31:43.000000] [Memory: 0.91MB] ✓ Voucher booklet data fetched
[2026-01-06 13:31:43.000000] [Memory: 0.91MB] Starting database transaction...
[2026-01-06 13:31:43.000000] [Memory: 0.91MB] ✓ Transaction started
[2026-01-06 13:31:43.000000] [Memory: 0.91MB] Updating Members table...
[2026-01-06 13:31:43.000000] [Memory: 0.91MB] ✓ Members table updated successfully
[2026-01-06 13:31:43.000000] [Memory: 0.91MB] Updating Leads_table...
[2026-01-06 13:31:43.000000] [Memory: 0.91MB] ✓ Leads_table updated
[2026-01-06 13:31:43.000000] [Memory: 0.91MB] Updating voucher_Booklet...
[2026-01-06 13:31:43.000000] [Memory: 0.91MB] ✓ voucher_Booklet updated
[2026-01-06 13:31:43.000000] [Memory: 0.93MB] Inserting BarcodeScan records, count: 36
[2026-01-06 13:31:43.000000] [Memory: 0.93MB] ✓ BarcodeScan records inserted
[2026-01-06 13:31:43.000000] [Memory: 1.01MB] Processing membership level: 2
[2026-01-06 13:31:43.000000] [Memory: 1.24MB] ⚠ SKIPPING email to customer (Level 2 - Platinum) - Email disabled for debugging
[2026-01-06 13:31:43.000000] [Memory: 1.24MB] Would send to: mohankalbere44@gmail.com
[2026-01-06 13:31:43.000000] [Memory: 1.24MB] Preparing enrollment statistics...
[2026-01-06 13:31:43.000000] [Memory: 1.39MB] Preparing internal notification message...
[2026-01-06 13:31:43.000000] [Memory: 1.41MB] Building message1 table...
[2026-01-06 13:31:43.000000] [Memory: 1.34MB] ⚠ SKIPPING internal notification email - Email disabled for debugging
[2026-01-06 13:31:43.000000] [Memory: 1.34MB] Sending log details email...
[2026-01-06 13:31:43.000000] [Memory: 1.34MB] ⚠ SKIPPING log details email - Email disabled for debugging
[2026-01-06 13:31:43.000000] [Memory: 1.34MB] Would send to: contactus@clubfourpoints.com
[2026-01-06 13:31:43.000000] [Memory: 1.34MB] Inserting voucher_Details: MembershipNumber=14263921, VoucherBookletNumber=14001043
[2026-01-06 13:31:43.000000] [Memory: 1.34MB] SQL Query: insert into voucher_Details (MembershipNumber,VoucherBookletNumber)values('14263921','14001043')
[2026-01-06 13:31:43.000000] [Memory: 1.34MB] ✓ voucher_Details inserted successfully
[2026-01-06 13:31:43.000000] [Memory: 1.34MB] Committing transaction...
[2026-01-06 13:31:43.000000] [Memory: 1.34MB] ✓ Transaction committed successfully
[2026-01-06 13:31:43.000000] [Memory: 1.34MB] === SCRIPT COMPLETED SUCCESSFULLY ===
[2026-01-06 13:31:43.000000] [Memory: 1.34MB] Total execution time: 0.08 seconds
[2026-01-06 13:31:43.000000] [Memory: 1.34MB] Peak memory usage: 1.96MB
[2026-01-13 06:06:21.000000] [Memory: 0.39MB] === SCRIPT STARTED ===
[2026-01-13 06:06:21.000000] [Memory: 0.39MB] ⚠️ DEBUG MODE: Email API calls are DISABLED
[2026-01-13 06:06:21.000000] [Memory: 0.39MB] PHP Version: 7.4.33
[2026-01-13 06:06:21.000000] [Memory: 0.39MB] Memory Limit: 512M
[2026-01-13 06:06:21.000000] [Memory: 0.39MB] Max Execution Time: 300s
[2026-01-13 06:06:21.000000] [Memory: 0.39MB] Loading config files...
[2026-01-13 11:36:21.000000] [Memory: 0.48MB] ✓ config.php loaded successfully
[2026-01-13 11:36:21.000000] [Memory: 0.48MB] ✓ number_to_wordConvert.php loaded successfully
[2026-01-13 11:36:21.000000] [Memory: 0.48MB] Collecting POST data...
[2026-01-13 11:36:21.000000] [Memory: 0.48MB] Static_LeadID: 80541
[2026-01-13 11:36:21.000000] [Memory: 0.48MB] Attachment path set: https://sarsspl.com/Lead_Management/Loyaltician/clubfourpoints/Leadpdf/memberpdf/Mr. Akash Deep.pdf
[2026-01-13 11:36:21.000000] [Memory: 0.48MB] Loading TCPDF library...
[2026-01-13 11:36:21.000000] [Memory: 0.48MB] ✓ tcpdf_include.php loaded
[13-Jan-2026 11:36:21 Asia/Kolkata] PHP Deprecated:  Array and string offset access syntax with curly braces is deprecated in /home/u444388293/domains/sarsspl.com/public_html/Lead_Management/Loyaltician/clubfourpoints/Leadpdf/generatepdf/TCPDF-master/tcpdf.php on line 16899
[13-Jan-2026 11:36:21 Asia/Kolkata] PHP Deprecated:  Array and string offset access syntax with curly braces is deprecated in /home/u444388293/domains/sarsspl.com/public_html/Lead_Management/Loyaltician/clubfourpoints/Leadpdf/generatepdf/TCPDF-master/tcpdf.php on line 16899
[13-Jan-2026 11:36:21 Asia/Kolkata] PHP Deprecated:  Array and string offset access syntax with curly braces is deprecated in /home/u444388293/domains/sarsspl.com/public_html/Lead_Management/Loyaltician/clubfourpoints/Leadpdf/generatepdf/TCPDF-master/tcpdf.php on line 16902
[13-Jan-2026 11:36:21 Asia/Kolkata] PHP Warning:  "continue" targeting switch is equivalent to "break". Did you mean to use "continue 2"? in /home/u444388293/domains/sarsspl.com/public_html/Lead_Management/Loyaltician/clubfourpoints/Leadpdf/generatepdf/TCPDF-master/tcpdf.php on line 17784
[13-Jan-2026 11:36:21 Asia/Kolkata] PHP Deprecated:  Array and string offset access syntax with curly braces is deprecated in /home/u444388293/domains/sarsspl.com/public_html/Lead_Management/Loyaltician/clubfourpoints/Leadpdf/generatepdf/TCPDF-master/include/tcpdf_images.php on line 318
[2026-01-13 11:36:21.000000] [Memory: 0.79MB] ✓ tcpdf.php loaded
[2026-01-13 11:36:21.000000] [Memory: 0.83MB] Creating PDF document...
[13-Jan-2026 11:36:21 Asia/Kolkata] PHP Warning:  chr() expects parameter 1 to be int, string given in /home/u444388293/domains/sarsspl.com/public_html/Lead_Management/Loyaltician/clubfourpoints/Leadpdf/generatepdf/TCPDF-master/include/tcpdf_fonts.php on line 1671
[2026-01-13 11:36:21.000000] [Memory: 0.87MB] ✓ PDF object created successfully
[2026-01-13 11:36:21.000000] [Memory: 0.87MB] Configuring PDF settings...
[2026-01-13 11:36:21.000000] [Memory: 0.89MB] ✓ PDF configured
[13-Jan-2026 11:36:21 Asia/Kolkata] PHP Notice:  Undefined variable: MembershipDetails_Level in /home/u444388293/domains/sarsspl.com/public_html/Lead_Management/Loyaltician/clubfourpoints/MemberCreation_Process.php on line 350
[13-Jan-2026 11:36:21 Asia/Kolkata] PHP Notice:  Undefined variable: MembershipDetails_Level in /home/u444388293/domains/sarsspl.com/public_html/Lead_Management/Loyaltician/clubfourpoints/MemberCreation_Process.php on line 350
[2026-01-13 11:36:21.000000] [Memory: 0.92MB] Querying Members table for LeadID: 80541
[2026-01-13 11:36:21.000000] [Memory: 0.94MB] ✓ Members data fetched, Level: 1
[2026-01-13 11:36:21.000000] [Memory: 0.94MB] Querying Level table...
[2026-01-13 11:36:21.000000] [Memory: 0.95MB] ✓ Level data fetched
[2026-01-13 11:36:21.000000] [Memory: 0.95MB] Querying voucher_Booklet table...
[2026-01-13 11:36:21.000000] [Memory: 0.97MB] ✓ Voucher booklet data fetched
[2026-01-13 11:36:21.000000] [Memory: 0.97MB] Starting database transaction...
[2026-01-13 11:36:21.000000] [Memory: 0.97MB] ✓ Transaction started
[2026-01-13 11:36:21.000000] [Memory: 0.97MB] Updating Members table...
[2026-01-13 11:36:21.000000] [Memory: 0.97MB] ✓ Members table updated successfully
[2026-01-13 11:36:21.000000] [Memory: 0.97MB] Updating Leads_table...
[2026-01-13 11:36:21.000000] [Memory: 0.97MB] ✓ Leads_table updated
[2026-01-13 11:36:21.000000] [Memory: 0.97MB] Updating voucher_Booklet...
[2026-01-13 11:36:21.000000] [Memory: 0.97MB] ✓ voucher_Booklet updated
[2026-01-13 11:36:21.000000] [Memory: 0.99MB] Inserting BarcodeScan records, count: 27
[2026-01-13 11:36:21.000000] [Memory: 0.99MB] ✓ BarcodeScan records inserted
[2026-01-13 11:36:21.000000] [Memory: 1.06MB] Processing membership level: 1
[2026-01-13 11:36:21.000000] [Memory: 1.06MB] Creating Gold membership email and PDF...
[2026-01-13 11:36:21.000000] [Memory: 1.27MB] ⚠ SKIPPING email to customer (Level 1 - Gold) - Email disabled for debugging
[2026-01-13 11:36:21.000000] [Memory: 1.27MB] Would send to: nervanasolutions@gmail.com
[2026-01-13 11:36:21.000000] [Memory: 1.27MB] Preparing enrollment statistics...
[2026-01-13 11:36:21.000000] [Memory: 1.42MB] Preparing internal notification message...
[2026-01-13 11:36:21.000000] [Memory: 1.43MB] Building message1 table...
[2026-01-13 11:36:21.000000] [Memory: 1.38MB] ⚠ SKIPPING internal notification email - Email disabled for debugging
[2026-01-13 11:36:21.000000] [Memory: 1.38MB] Sending log details email...
[2026-01-13 11:36:21.000000] [Memory: 1.38MB] ⚠ SKIPPING log details email - Email disabled for debugging
[2026-01-13 11:36:21.000000] [Memory: 1.38MB] Would send to: contactus@clubfourpoints.com
[2026-01-13 11:36:21.000000] [Memory: 1.38MB] Inserting voucher_Details: MembershipNumber=12849381, VoucherBookletNumber=12000606
[2026-01-13 11:36:21.000000] [Memory: 1.38MB] SQL Query: insert into voucher_Details (MembershipNumber,VoucherBookletNumber)values('12849381','12000606')
[2026-01-13 11:36:21.000000] [Memory: 1.38MB] ✓ voucher_Details inserted successfully
[2026-01-13 11:36:21.000000] [Memory: 1.38MB] Committing transaction...
[2026-01-13 11:36:21.000000] [Memory: 1.38MB] ✓ Transaction committed successfully
[2026-01-13 11:36:21.000000] [Memory: 1.38MB] === SCRIPT COMPLETED SUCCESSFULLY ===
[2026-01-13 11:36:21.000000] [Memory: 1.38MB] Total execution time: 0.15 seconds
[2026-01-13 11:36:21.000000] [Memory: 1.38MB] Peak memory usage: 12.73MB
[2026-01-20 07:44:38.000000] [Memory: 0.4MB] === SCRIPT STARTED ===
[2026-01-20 07:44:38.000000] [Memory: 0.4MB] ⚠️ DEBUG MODE: Email API calls are DISABLED
[2026-01-20 07:44:38.000000] [Memory: 0.4MB] PHP Version: 7.4.33
[2026-01-20 07:44:38.000000] [Memory: 0.4MB] Memory Limit: 512M
[2026-01-20 07:44:38.000000] [Memory: 0.4MB] Max Execution Time: 300s
[2026-01-20 07:44:38.000000] [Memory: 0.4MB] Loading config files...
[2026-01-20 13:14:38.000000] [Memory: 0.48MB] ✓ config.php loaded successfully
[2026-01-20 13:14:38.000000] [Memory: 0.49MB] ✓ number_to_wordConvert.php loaded successfully
[2026-01-20 13:14:38.000000] [Memory: 0.49MB] Collecting POST data...
[2026-01-20 13:14:38.000000] [Memory: 0.49MB] Static_LeadID: 80542
[2026-01-20 13:14:38.000000] [Memory: 0.49MB] Attachment path set: https://sarsspl.com/Lead_Management/Loyaltician/clubfourpoints/Leadpdf/memberpdf/Mr. Manish Kumar.pdf
[2026-01-20 13:14:38.000000] [Memory: 0.49MB] Loading TCPDF library...
[2026-01-20 13:14:38.000000] [Memory: 0.49MB] ✓ tcpdf_include.php loaded
[2026-01-20 13:14:38.000000] [Memory: 0.64MB] ✓ tcpdf.php loaded
[2026-01-20 13:14:38.000000] [Memory: 0.78MB] Creating PDF document...
[20-Jan-2026 13:14:38 Asia/Kolkata] PHP Warning:  chr() expects parameter 1 to be int, string given in /home/u444388293/domains/sarsspl.com/public_html/Lead_Management/Loyaltician/clubfourpoints/Leadpdf/generatepdf/TCPDF-master/include/tcpdf_fonts.php on line 1671
[2026-01-20 13:14:38.000000] [Memory: 0.82MB] ✓ PDF object created successfully
[2026-01-20 13:14:38.000000] [Memory: 0.82MB] Configuring PDF settings...
[2026-01-20 13:14:38.000000] [Memory: 0.84MB] ✓ PDF configured
[20-Jan-2026 13:14:38 Asia/Kolkata] PHP Notice:  Undefined variable: MembershipDetails_Level in /home/u444388293/domains/sarsspl.com/public_html/Lead_Management/Loyaltician/clubfourpoints/MemberCreation_Process.php on line 350
[20-Jan-2026 13:14:38 Asia/Kolkata] PHP Notice:  Undefined variable: MembershipDetails_Level in /home/u444388293/domains/sarsspl.com/public_html/Lead_Management/Loyaltician/clubfourpoints/MemberCreation_Process.php on line 350
[2026-01-20 13:14:38.000000] [Memory: 0.87MB] Querying Members table for LeadID: 80542
[2026-01-20 13:14:38.000000] [Memory: 0.89MB] ✓ Members data fetched, Level: 2
[2026-01-20 13:14:38.000000] [Memory: 0.89MB] Querying Level table...
[2026-01-20 13:14:38.000000] [Memory: 0.91MB] ✓ Level data fetched
[2026-01-20 13:14:38.000000] [Memory: 0.91MB] Querying voucher_Booklet table...
[2026-01-20 13:14:38.000000] [Memory: 0.92MB] ✓ Voucher booklet data fetched
[2026-01-20 13:14:38.000000] [Memory: 0.92MB] Starting database transaction...
[2026-01-20 13:14:38.000000] [Memory: 0.92MB] ✓ Transaction started
[2026-01-20 13:14:38.000000] [Memory: 0.92MB] Updating Members table...
[2026-01-20 13:14:38.000000] [Memory: 0.92MB] ✓ Members table updated successfully
[2026-01-20 13:14:38.000000] [Memory: 0.92MB] Updating Leads_table...
[2026-01-20 13:14:38.000000] [Memory: 0.92MB] ✓ Leads_table updated
[2026-01-20 13:14:38.000000] [Memory: 0.92MB] Updating voucher_Booklet...
[2026-01-20 13:14:38.000000] [Memory: 0.92MB] ✓ voucher_Booklet updated
[2026-01-20 13:14:38.000000] [Memory: 0.94MB] Inserting BarcodeScan records, count: 36
[2026-01-20 13:14:38.000000] [Memory: 0.94MB] ✓ BarcodeScan records inserted
[2026-01-20 13:14:38.000000] [Memory: 1.02MB] Processing membership level: 2
[2026-01-20 13:14:38.000000] [Memory: 1.25MB] ⚠ SKIPPING email to customer (Level 2 - Platinum) - Email disabled for debugging
[2026-01-20 13:14:38.000000] [Memory: 1.25MB] Would send to: sandeepkanoria64@yahoo.co.in
[2026-01-20 13:14:38.000000] [Memory: 1.25MB] Preparing enrollment statistics...
[2026-01-20 13:14:38.000000] [Memory: 1.4MB] Preparing internal notification message...
[2026-01-20 13:14:38.000000] [Memory: 1.42MB] Building message1 table...
[2026-01-20 13:14:38.000000] [Memory: 1.35MB] ⚠ SKIPPING internal notification email - Email disabled for debugging
[2026-01-20 13:14:38.000000] [Memory: 1.35MB] Sending log details email...
[2026-01-20 13:14:38.000000] [Memory: 1.35MB] ⚠ SKIPPING log details email - Email disabled for debugging
[2026-01-20 13:14:38.000000] [Memory: 1.35MB] Would send to: contactus@clubfourpoints.com
[2026-01-20 13:14:38.000000] [Memory: 1.35MB] Inserting voucher_Details: MembershipNumber=14753921, VoucherBookletNumber=14001061
[2026-01-20 13:14:38.000000] [Memory: 1.35MB] SQL Query: insert into voucher_Details (MembershipNumber,VoucherBookletNumber)values('14753921','14001061')
[2026-01-20 13:14:38.000000] [Memory: 1.35MB] ✓ voucher_Details inserted successfully
[2026-01-20 13:14:38.000000] [Memory: 1.35MB] Committing transaction...
[2026-01-20 13:14:38.000000] [Memory: 1.35MB] ✓ Transaction committed successfully
[2026-01-20 13:14:38.000000] [Memory: 1.35MB] === SCRIPT COMPLETED SUCCESSFULLY ===
[2026-01-20 13:14:38.000000] [Memory: 1.35MB] Total execution time: 0.08 seconds
[2026-01-20 13:14:38.000000] [Memory: 1.35MB] Peak memory usage: 1.97MB
[2026-01-21 05:16:41.000000] [Memory: 0.4MB] === SCRIPT STARTED ===
[2026-01-21 05:16:41.000000] [Memory: 0.4MB] ⚠️ DEBUG MODE: Email API calls are DISABLED
[2026-01-21 05:16:41.000000] [Memory: 0.4MB] PHP Version: 7.4.33
[2026-01-21 05:16:41.000000] [Memory: 0.4MB] Memory Limit: 512M
[2026-01-21 05:16:41.000000] [Memory: 0.4MB] Max Execution Time: 300s
[2026-01-21 05:16:41.000000] [Memory: 0.4MB] Loading config files...
[2026-01-21 10:46:41.000000] [Memory: 0.48MB] ✓ config.php loaded successfully
[2026-01-21 10:46:41.000000] [Memory: 0.49MB] ✓ number_to_wordConvert.php loaded successfully
[2026-01-21 10:46:41.000000] [Memory: 0.49MB] Collecting POST data...
[2026-01-21 10:46:41.000000] [Memory: 0.49MB] Static_LeadID: 80543
[2026-01-21 10:46:41.000000] [Memory: 0.49MB] Attachment path set: https://sarsspl.com/Lead_Management/Loyaltician/clubfourpoints/Leadpdf/memberpdf/Gurpreet Singh Sandhu.pdf
[2026-01-21 10:46:41.000000] [Memory: 0.49MB] Loading TCPDF library...
[2026-01-21 10:46:41.000000] [Memory: 0.49MB] ✓ tcpdf_include.php loaded
[2026-01-21 10:46:41.000000] [Memory: 0.64MB] ✓ tcpdf.php loaded
[2026-01-21 10:46:41.000000] [Memory: 0.78MB] Creating PDF document...
[21-Jan-2026 10:46:41 Asia/Kolkata] PHP Warning:  chr() expects parameter 1 to be int, string given in /home/u444388293/domains/sarsspl.com/public_html/Lead_Management/Loyaltician/clubfourpoints/Leadpdf/generatepdf/TCPDF-master/include/tcpdf_fonts.php on line 1671
[2026-01-21 10:46:41.000000] [Memory: 0.82MB] ✓ PDF object created successfully
[2026-01-21 10:46:41.000000] [Memory: 0.82MB] Configuring PDF settings...
[2026-01-21 10:46:41.000000] [Memory: 0.84MB] ✓ PDF configured
[21-Jan-2026 10:46:41 Asia/Kolkata] PHP Notice:  Undefined variable: MembershipDetails_Level in /home/u444388293/domains/sarsspl.com/public_html/Lead_Management/Loyaltician/clubfourpoints/MemberCreation_Process.php on line 350
[21-Jan-2026 10:46:41 Asia/Kolkata] PHP Notice:  Undefined variable: MembershipDetails_Level in /home/u444388293/domains/sarsspl.com/public_html/Lead_Management/Loyaltician/clubfourpoints/MemberCreation_Process.php on line 350
[2026-01-21 10:46:41.000000] [Memory: 0.87MB] Querying Members table for LeadID: 80543
[2026-01-21 10:46:41.000000] [Memory: 0.89MB] ✓ Members data fetched, Level: 2
[2026-01-21 10:46:41.000000] [Memory: 0.89MB] Querying Level table...
[2026-01-21 10:46:41.000000] [Memory: 0.91MB] ✓ Level data fetched
[2026-01-21 10:46:41.000000] [Memory: 0.91MB] Querying voucher_Booklet table...
[2026-01-21 10:46:41.000000] [Memory: 0.92MB] ✓ Voucher booklet data fetched
[2026-01-21 10:46:41.000000] [Memory: 0.92MB] Starting database transaction...
[2026-01-21 10:46:41.000000] [Memory: 0.92MB] ✓ Transaction started
[2026-01-21 10:46:41.000000] [Memory: 0.92MB] Updating Members table...
[2026-01-21 10:46:41.000000] [Memory: 0.92MB] ✓ Members table updated successfully
[2026-01-21 10:46:41.000000] [Memory: 0.92MB] Updating Leads_table...
[2026-01-21 10:46:41.000000] [Memory: 0.92MB] ✓ Leads_table updated
[2026-01-21 10:46:41.000000] [Memory: 0.92MB] Updating voucher_Booklet...
[2026-01-21 10:46:41.000000] [Memory: 0.92MB] ✓ voucher_Booklet updated
[2026-01-21 10:46:41.000000] [Memory: 0.94MB] Inserting BarcodeScan records, count: 36
[2026-01-21 10:46:41.000000] [Memory: 0.94MB] ✓ BarcodeScan records inserted
[2026-01-21 10:46:41.000000] [Memory: 1.02MB] Processing membership level: 2
[2026-01-21 10:46:41.000000] [Memory: 1.25MB] ⚠ SKIPPING email to customer (Level 2 - Platinum) - Email disabled for debugging
[2026-01-21 10:46:41.000000] [Memory: 1.25MB] Would send to: amarcom@hotmail.com
[2026-01-21 10:46:41.000000] [Memory: 1.25MB] Preparing enrollment statistics...
[2026-01-21 10:46:41.000000] [Memory: 1.4MB] Preparing internal notification message...
[2026-01-21 10:46:41.000000] [Memory: 1.42MB] Building message1 table...
[2026-01-21 10:46:41.000000] [Memory: 1.35MB] ⚠ SKIPPING internal notification email - Email disabled for debugging
[2026-01-21 10:46:41.000000] [Memory: 1.35MB] Sending log details email...
[2026-01-21 10:46:41.000000] [Memory: 1.35MB] ⚠ SKIPPING log details email - Email disabled for debugging
[2026-01-21 10:46:41.000000] [Memory: 1.35MB] Would send to: contactus@clubfourpoints.com
[2026-01-21 10:46:41.000000] [Memory: 1.35MB] Inserting voucher_Details: MembershipNumber=14981081, VoucherBookletNumber=14001063
[2026-01-21 10:46:41.000000] [Memory: 1.35MB] SQL Query: insert into voucher_Details (MembershipNumber,VoucherBookletNumber)values('14981081','14001063')
[2026-01-21 10:46:41.000000] [Memory: 1.35MB] ✓ voucher_Details inserted successfully
[2026-01-21 10:46:41.000000] [Memory: 1.35MB] Committing transaction...
[2026-01-21 10:46:41.000000] [Memory: 1.35MB] ✓ Transaction committed successfully
[2026-01-21 10:46:41.000000] [Memory: 1.35MB] === SCRIPT COMPLETED SUCCESSFULLY ===
[2026-01-21 10:46:41.000000] [Memory: 1.35MB] Total execution time: 0.03 seconds
[2026-01-21 10:46:41.000000] [Memory: 1.35MB] Peak memory usage: 1.97MB
[2026-01-21 05:18:33.000000] [Memory: 0.4MB] === SCRIPT STARTED ===
[2026-01-21 05:18:33.000000] [Memory: 0.4MB] ⚠️ DEBUG MODE: Email API calls are DISABLED
[2026-01-21 05:18:33.000000] [Memory: 0.4MB] PHP Version: 7.4.33
[2026-01-21 05:18:33.000000] [Memory: 0.4MB] Memory Limit: 512M
[2026-01-21 05:18:33.000000] [Memory: 0.4MB] Max Execution Time: 300s
[2026-01-21 05:18:33.000000] [Memory: 0.4MB] Loading config files...
[2026-01-21 10:48:33.000000] [Memory: 0.48MB] ✓ config.php loaded successfully
[2026-01-21 10:48:33.000000] [Memory: 0.49MB] ✓ number_to_wordConvert.php loaded successfully
[2026-01-21 10:48:33.000000] [Memory: 0.49MB] Collecting POST data...
[2026-01-21 10:48:33.000000] [Memory: 0.49MB] Static_LeadID: 80544
[2026-01-21 10:48:33.000000] [Memory: 0.49MB] Attachment path set: https://sarsspl.com/Lead_Management/Loyaltician/clubfourpoints/Leadpdf/memberpdf/Mr. Darshan Jadhav.pdf
[2026-01-21 10:48:33.000000] [Memory: 0.49MB] Loading TCPDF library...
[2026-01-21 10:48:33.000000] [Memory: 0.49MB] ✓ tcpdf_include.php loaded
[2026-01-21 10:48:33.000000] [Memory: 0.64MB] ✓ tcpdf.php loaded
[2026-01-21 10:48:33.000000] [Memory: 0.78MB] Creating PDF document...
[21-Jan-2026 10:48:33 Asia/Kolkata] PHP Warning:  chr() expects parameter 1 to be int, string given in /home/u444388293/domains/sarsspl.com/public_html/Lead_Management/Loyaltician/clubfourpoints/Leadpdf/generatepdf/TCPDF-master/include/tcpdf_fonts.php on line 1671
[2026-01-21 10:48:33.000000] [Memory: 0.82MB] ✓ PDF object created successfully
[2026-01-21 10:48:33.000000] [Memory: 0.82MB] Configuring PDF settings...
[2026-01-21 10:48:33.000000] [Memory: 0.84MB] ✓ PDF configured
[21-Jan-2026 10:48:33 Asia/Kolkata] PHP Notice:  Undefined variable: MembershipDetails_Level in /home/u444388293/domains/sarsspl.com/public_html/Lead_Management/Loyaltician/clubfourpoints/MemberCreation_Process.php on line 350
[21-Jan-2026 10:48:33 Asia/Kolkata] PHP Notice:  Undefined variable: MembershipDetails_Level in /home/u444388293/domains/sarsspl.com/public_html/Lead_Management/Loyaltician/clubfourpoints/MemberCreation_Process.php on line 350
[2026-01-21 10:48:33.000000] [Memory: 0.87MB] Querying Members table for LeadID: 80544
[2026-01-21 10:48:33.000000] [Memory: 0.89MB] ✓ Members data fetched, Level: 2
[2026-01-21 10:48:33.000000] [Memory: 0.89MB] Querying Level table...
[2026-01-21 10:48:33.000000] [Memory: 0.91MB] ✓ Level data fetched
[2026-01-21 10:48:33.000000] [Memory: 0.91MB] Querying voucher_Booklet table...
[2026-01-21 10:48:33.000000] [Memory: 0.92MB] ✓ Voucher booklet data fetched
[2026-01-21 10:48:33.000000] [Memory: 0.92MB] Starting database transaction...
[2026-01-21 10:48:33.000000] [Memory: 0.92MB] ✓ Transaction started
[2026-01-21 10:48:33.000000] [Memory: 0.92MB] Updating Members table...
[2026-01-21 10:48:33.000000] [Memory: 0.92MB] ✓ Members table updated successfully
[2026-01-21 10:48:33.000000] [Memory: 0.92MB] Updating Leads_table...
[2026-01-21 10:48:33.000000] [Memory: 0.92MB] ✓ Leads_table updated
[2026-01-21 10:48:33.000000] [Memory: 0.92MB] Updating voucher_Booklet...
[2026-01-21 10:48:33.000000] [Memory: 0.92MB] ✓ voucher_Booklet updated
[2026-01-21 10:48:33.000000] [Memory: 0.94MB] Inserting BarcodeScan records, count: 36
[2026-01-21 10:48:33.000000] [Memory: 0.94MB] ✓ BarcodeScan records inserted
[2026-01-21 10:48:33.000000] [Memory: 1.02MB] Processing membership level: 2
[2026-01-21 10:48:33.000000] [Memory: 1.25MB] ⚠ SKIPPING email to customer (Level 2 - Platinum) - Email disabled for debugging
[2026-01-21 10:48:33.000000] [Memory: 1.25MB] Would send to: darshaninuk1974@gmail.com
[2026-01-21 10:48:33.000000] [Memory: 1.25MB] Preparing enrollment statistics...
[2026-01-21 10:48:33.000000] [Memory: 1.4MB] Preparing internal notification message...
[2026-01-21 10:48:33.000000] [Memory: 1.42MB] Building message1 table...
[2026-01-21 10:48:33.000000] [Memory: 1.35MB] ⚠ SKIPPING internal notification email - Email disabled for debugging
[2026-01-21 10:48:33.000000] [Memory: 1.35MB] Sending log details email...
[2026-01-21 10:48:33.000000] [Memory: 1.35MB] ⚠ SKIPPING log details email - Email disabled for debugging
[2026-01-21 10:48:33.000000] [Memory: 1.35MB] Would send to: contactus@clubfourpoints.com
[2026-01-21 10:48:33.000000] [Memory: 1.35MB] Inserting voucher_Details: MembershipNumber=14731361, VoucherBookletNumber=14001064
[2026-01-21 10:48:33.000000] [Memory: 1.35MB] SQL Query: insert into voucher_Details (MembershipNumber,VoucherBookletNumber)values('14731361','14001064')
[2026-01-21 10:48:33.000000] [Memory: 1.35MB] ✓ voucher_Details inserted successfully
[2026-01-21 10:48:33.000000] [Memory: 1.35MB] Committing transaction...
[2026-01-21 10:48:33.000000] [Memory: 1.35MB] ✓ Transaction committed successfully
[2026-01-21 10:48:33.000000] [Memory: 1.35MB] === SCRIPT COMPLETED SUCCESSFULLY ===
[2026-01-21 10:48:33.000000] [Memory: 1.35MB] Total execution time: 0.02 seconds
[2026-01-21 10:48:33.000000] [Memory: 1.35MB] Peak memory usage: 1.97MB
[2026-01-21 05:20:48.000000] [Memory: 0.4MB] === SCRIPT STARTED ===
[2026-01-21 05:20:48.000000] [Memory: 0.4MB] ⚠️ DEBUG MODE: Email API calls are DISABLED
[2026-01-21 05:20:48.000000] [Memory: 0.4MB] PHP Version: 7.4.33
[2026-01-21 05:20:48.000000] [Memory: 0.4MB] Memory Limit: 512M
[2026-01-21 05:20:48.000000] [Memory: 0.4MB] Max Execution Time: 300s
[2026-01-21 05:20:48.000000] [Memory: 0.4MB] Loading config files...
[2026-01-21 10:50:48.000000] [Memory: 0.48MB] ✓ config.php loaded successfully
[2026-01-21 10:50:48.000000] [Memory: 0.49MB] ✓ number_to_wordConvert.php loaded successfully
[2026-01-21 10:50:48.000000] [Memory: 0.49MB] Collecting POST data...
[2026-01-21 10:50:48.000000] [Memory: 0.49MB] Static_LeadID: 80545
[2026-01-21 10:50:48.000000] [Memory: 0.49MB] Attachment path set: https://sarsspl.com/Lead_Management/Loyaltician/clubfourpoints/Leadpdf/memberpdf/Mr. Raahil Shaikh.pdf
[2026-01-21 10:50:48.000000] [Memory: 0.49MB] Loading TCPDF library...
[2026-01-21 10:50:48.000000] [Memory: 0.49MB] ✓ tcpdf_include.php loaded
[2026-01-21 10:50:48.000000] [Memory: 0.64MB] ✓ tcpdf.php loaded
[2026-01-21 10:50:48.000000] [Memory: 0.78MB] Creating PDF document...
[21-Jan-2026 10:50:48 Asia/Kolkata] PHP Warning:  chr() expects parameter 1 to be int, string given in /home/u444388293/domains/sarsspl.com/public_html/Lead_Management/Loyaltician/clubfourpoints/Leadpdf/generatepdf/TCPDF-master/include/tcpdf_fonts.php on line 1671
[2026-01-21 10:50:48.000000] [Memory: 0.82MB] ✓ PDF object created successfully
[2026-01-21 10:50:48.000000] [Memory: 0.82MB] Configuring PDF settings...
[2026-01-21 10:50:48.000000] [Memory: 0.84MB] ✓ PDF configured
[21-Jan-2026 10:50:48 Asia/Kolkata] PHP Notice:  Undefined variable: MembershipDetails_Level in /home/u444388293/domains/sarsspl.com/public_html/Lead_Management/Loyaltician/clubfourpoints/MemberCreation_Process.php on line 350
[21-Jan-2026 10:50:48 Asia/Kolkata] PHP Notice:  Undefined variable: MembershipDetails_Level in /home/u444388293/domains/sarsspl.com/public_html/Lead_Management/Loyaltician/clubfourpoints/MemberCreation_Process.php on line 350
[2026-01-21 10:50:48.000000] [Memory: 0.87MB] Querying Members table for LeadID: 80545
[2026-01-21 10:50:48.000000] [Memory: 0.89MB] ✓ Members data fetched, Level: 2
[2026-01-21 10:50:48.000000] [Memory: 0.89MB] Querying Level table...
[2026-01-21 10:50:48.000000] [Memory: 0.91MB] ✓ Level data fetched
[2026-01-21 10:50:48.000000] [Memory: 0.91MB] Querying voucher_Booklet table...
[2026-01-21 10:50:48.000000] [Memory: 0.92MB] ✓ Voucher booklet data fetched
[2026-01-21 10:50:48.000000] [Memory: 0.92MB] Starting database transaction...
[2026-01-21 10:50:48.000000] [Memory: 0.92MB] ✓ Transaction started
[2026-01-21 10:50:48.000000] [Memory: 0.92MB] Updating Members table...
[2026-01-21 10:50:48.000000] [Memory: 0.92MB] ✓ Members table updated successfully
[2026-01-21 10:50:48.000000] [Memory: 0.92MB] Updating Leads_table...
[2026-01-21 10:50:48.000000] [Memory: 0.92MB] ✓ Leads_table updated
[2026-01-21 10:50:48.000000] [Memory: 0.92MB] Updating voucher_Booklet...
[2026-01-21 10:50:48.000000] [Memory: 0.92MB] ✓ voucher_Booklet updated
[2026-01-21 10:50:48.000000] [Memory: 0.94MB] Inserting BarcodeScan records, count: 36
[2026-01-21 10:50:48.000000] [Memory: 0.94MB] ✓ BarcodeScan records inserted
[2026-01-21 10:50:48.000000] [Memory: 1.02MB] Processing membership level: 2
[2026-01-21 10:50:48.000000] [Memory: 1.25MB] ⚠ SKIPPING email to customer (Level 2 - Platinum) - Email disabled for debugging
[2026-01-21 10:50:48.000000] [Memory: 1.25MB] Would send to: raahil7shaikh@gmail.com
[2026-01-21 10:50:48.000000] [Memory: 1.25MB] Preparing enrollment statistics...
[2026-01-21 10:50:48.000000] [Memory: 1.4MB] Preparing internal notification message...
[2026-01-21 10:50:48.000000] [Memory: 1.42MB] Building message1 table...
[2026-01-21 10:50:48.000000] [Memory: 1.35MB] ⚠ SKIPPING internal notification email - Email disabled for debugging
[2026-01-21 10:50:48.000000] [Memory: 1.35MB] Sending log details email...
[2026-01-21 10:50:48.000000] [Memory: 1.35MB] ⚠ SKIPPING log details email - Email disabled for debugging
[2026-01-21 10:50:48.000000] [Memory: 1.35MB] Would send to: contactus@clubfourpoints.com
[2026-01-21 10:50:48.000000] [Memory: 1.35MB] Inserting voucher_Details: MembershipNumber=14184771, VoucherBookletNumber=14001065
[2026-01-21 10:50:48.000000] [Memory: 1.35MB] SQL Query: insert into voucher_Details (MembershipNumber,VoucherBookletNumber)values('14184771','14001065')
[2026-01-21 10:50:48.000000] [Memory: 1.35MB] ✓ voucher_Details inserted successfully
[2026-01-21 10:50:48.000000] [Memory: 1.35MB] Committing transaction...
[2026-01-21 10:50:48.000000] [Memory: 1.35MB] ✓ Transaction committed successfully
[2026-01-21 10:50:48.000000] [Memory: 1.35MB] === SCRIPT COMPLETED SUCCESSFULLY ===
[2026-01-21 10:50:48.000000] [Memory: 1.35MB] Total execution time: 0.04 seconds
[2026-01-21 10:50:48.000000] [Memory: 1.35MB] Peak memory usage: 1.97MB
[2026-01-21 05:23:28.000000] [Memory: 0.4MB] === SCRIPT STARTED ===
[2026-01-21 05:23:28.000000] [Memory: 0.4MB] ⚠️ DEBUG MODE: Email API calls are DISABLED
[2026-01-21 05:23:28.000000] [Memory: 0.4MB] PHP Version: 7.4.33
[2026-01-21 05:23:28.000000] [Memory: 0.4MB] Memory Limit: 512M
[2026-01-21 05:23:28.000000] [Memory: 0.4MB] Max Execution Time: 300s
[2026-01-21 05:23:28.000000] [Memory: 0.4MB] Loading config files...
[2026-01-21 10:53:28.000000] [Memory: 0.48MB] ✓ config.php loaded successfully
[2026-01-21 10:53:28.000000] [Memory: 0.49MB] ✓ number_to_wordConvert.php loaded successfully
[2026-01-21 10:53:28.000000] [Memory: 0.49MB] Collecting POST data...
[2026-01-21 10:53:28.000000] [Memory: 0.49MB] Static_LeadID: 80546
[2026-01-21 10:53:28.000000] [Memory: 0.49MB] Attachment path set: https://sarsspl.com/Lead_Management/Loyaltician/clubfourpoints/Leadpdf/memberpdf/Mr. Harvinder S Walia.pdf
[2026-01-21 10:53:28.000000] [Memory: 0.49MB] Loading TCPDF library...
[2026-01-21 10:53:28.000000] [Memory: 0.49MB] ✓ tcpdf_include.php loaded
[2026-01-21 10:53:28.000000] [Memory: 0.64MB] ✓ tcpdf.php loaded
[2026-01-21 10:53:28.000000] [Memory: 0.78MB] Creating PDF document...
[21-Jan-2026 10:53:28 Asia/Kolkata] PHP Warning:  chr() expects parameter 1 to be int, string given in /home/u444388293/domains/sarsspl.com/public_html/Lead_Management/Loyaltician/clubfourpoints/Leadpdf/generatepdf/TCPDF-master/include/tcpdf_fonts.php on line 1671
[2026-01-21 10:53:28.000000] [Memory: 0.82MB] ✓ PDF object created successfully
[2026-01-21 10:53:28.000000] [Memory: 0.82MB] Configuring PDF settings...
[2026-01-21 10:53:28.000000] [Memory: 0.84MB] ✓ PDF configured
[21-Jan-2026 10:53:28 Asia/Kolkata] PHP Notice:  Undefined variable: MembershipDetails_Level in /home/u444388293/domains/sarsspl.com/public_html/Lead_Management/Loyaltician/clubfourpoints/MemberCreation_Process.php on line 350
[21-Jan-2026 10:53:28 Asia/Kolkata] PHP Notice:  Undefined variable: MembershipDetails_Level in /home/u444388293/domains/sarsspl.com/public_html/Lead_Management/Loyaltician/clubfourpoints/MemberCreation_Process.php on line 350
[2026-01-21 10:53:28.000000] [Memory: 0.87MB] Querying Members table for LeadID: 80546
[2026-01-21 10:53:28.000000] [Memory: 0.89MB] ✓ Members data fetched, Level: 2
[2026-01-21 10:53:28.000000] [Memory: 0.89MB] Querying Level table...
[2026-01-21 10:53:28.000000] [Memory: 0.91MB] ✓ Level data fetched
[2026-01-21 10:53:28.000000] [Memory: 0.91MB] Querying voucher_Booklet table...
[2026-01-21 10:53:28.000000] [Memory: 0.92MB] ✓ Voucher booklet data fetched
[2026-01-21 10:53:28.000000] [Memory: 0.92MB] Starting database transaction...
[2026-01-21 10:53:28.000000] [Memory: 0.92MB] ✓ Transaction started
[2026-01-21 10:53:28.000000] [Memory: 0.92MB] Updating Members table...
[2026-01-21 10:53:28.000000] [Memory: 0.92MB] ✓ Members table updated successfully
[2026-01-21 10:53:28.000000] [Memory: 0.92MB] Updating Leads_table...
[2026-01-21 10:53:28.000000] [Memory: 0.92MB] ✓ Leads_table updated
[2026-01-21 10:53:28.000000] [Memory: 0.92MB] Updating voucher_Booklet...
[2026-01-21 10:53:28.000000] [Memory: 0.92MB] ✓ voucher_Booklet updated
[2026-01-21 10:53:28.000000] [Memory: 0.94MB] Inserting BarcodeScan records, count: 36
[2026-01-21 10:53:28.000000] [Memory: 0.94MB] ✓ BarcodeScan records inserted
[2026-01-21 10:53:28.000000] [Memory: 1.02MB] Processing membership level: 2
[2026-01-21 10:53:28.000000] [Memory: 1.25MB] ⚠ SKIPPING email to customer (Level 2 - Platinum) - Email disabled for debugging
[2026-01-21 10:53:28.000000] [Memory: 1.25MB] Would send to: babloovashi@yahoo.in
[2026-01-21 10:53:28.000000] [Memory: 1.25MB] Preparing enrollment statistics...
[2026-01-21 10:53:28.000000] [Memory: 1.4MB] Preparing internal notification message...
[2026-01-21 10:53:28.000000] [Memory: 1.42MB] Building message1 table...
[2026-01-21 10:53:28.000000] [Memory: 1.35MB] ⚠ SKIPPING internal notification email - Email disabled for debugging
[2026-01-21 10:53:28.000000] [Memory: 1.35MB] Sending log details email...
[2026-01-21 10:53:28.000000] [Memory: 1.35MB] ⚠ SKIPPING log details email - Email disabled for debugging
[2026-01-21 10:53:28.000000] [Memory: 1.35MB] Would send to: contactus@clubfourpoints.com
[2026-01-21 10:53:28.000000] [Memory: 1.35MB] Inserting voucher_Details: MembershipNumber=14162471, VoucherBookletNumber=14001066
[2026-01-21 10:53:28.000000] [Memory: 1.35MB] SQL Query: insert into voucher_Details (MembershipNumber,VoucherBookletNumber)values('14162471','14001066')
[2026-01-21 10:53:28.000000] [Memory: 1.35MB] ✓ voucher_Details inserted successfully
[2026-01-21 10:53:28.000000] [Memory: 1.35MB] Committing transaction...
[2026-01-21 10:53:28.000000] [Memory: 1.35MB] ✓ Transaction committed successfully
[2026-01-21 10:53:28.000000] [Memory: 1.35MB] === SCRIPT COMPLETED SUCCESSFULLY ===
[2026-01-21 10:53:28.000000] [Memory: 1.35MB] Total execution time: 0.04 seconds
[2026-01-21 10:53:28.000000] [Memory: 1.35MB] Peak memory usage: 1.97MB
[2026-01-21 05:25:49.000000] [Memory: 0.4MB] === SCRIPT STARTED ===
[2026-01-21 05:25:49.000000] [Memory: 0.4MB] ⚠️ DEBUG MODE: Email API calls are DISABLED
[2026-01-21 05:25:49.000000] [Memory: 0.4MB] PHP Version: 7.4.33
[2026-01-21 05:25:49.000000] [Memory: 0.4MB] Memory Limit: 512M
[2026-01-21 05:25:49.000000] [Memory: 0.4MB] Max Execution Time: 300s
[2026-01-21 05:25:49.000000] [Memory: 0.4MB] Loading config files...
[2026-01-21 10:55:49.000000] [Memory: 0.48MB] ✓ config.php loaded successfully
[2026-01-21 10:55:49.000000] [Memory: 0.49MB] ✓ number_to_wordConvert.php loaded successfully
[2026-01-21 10:55:49.000000] [Memory: 0.49MB] Collecting POST data...
[2026-01-21 10:55:49.000000] [Memory: 0.49MB] Static_LeadID: 80547
[2026-01-21 10:55:49.000000] [Memory: 0.49MB] Attachment path set: https://sarsspl.com/Lead_Management/Loyaltician/clubfourpoints/Leadpdf/memberpdf/Ravinder Singh Setia.pdf
[2026-01-21 10:55:49.000000] [Memory: 0.49MB] Loading TCPDF library...
[2026-01-21 10:55:49.000000] [Memory: 0.49MB] ✓ tcpdf_include.php loaded
[2026-01-21 10:55:49.000000] [Memory: 0.64MB] ✓ tcpdf.php loaded
[2026-01-21 10:55:49.000000] [Memory: 0.78MB] Creating PDF document...
[21-Jan-2026 10:55:49 Asia/Kolkata] PHP Warning:  chr() expects parameter 1 to be int, string given in /home/u444388293/domains/sarsspl.com/public_html/Lead_Management/Loyaltician/clubfourpoints/Leadpdf/generatepdf/TCPDF-master/include/tcpdf_fonts.php on line 1671
[2026-01-21 10:55:49.000000] [Memory: 0.82MB] ✓ PDF object created successfully
[2026-01-21 10:55:49.000000] [Memory: 0.82MB] Configuring PDF settings...
[2026-01-21 10:55:49.000000] [Memory: 0.84MB] ✓ PDF configured
[21-Jan-2026 10:55:49 Asia/Kolkata] PHP Notice:  Undefined variable: MembershipDetails_Level in /home/u444388293/domains/sarsspl.com/public_html/Lead_Management/Loyaltician/clubfourpoints/MemberCreation_Process.php on line 350
[21-Jan-2026 10:55:49 Asia/Kolkata] PHP Notice:  Undefined variable: MembershipDetails_Level in /home/u444388293/domains/sarsspl.com/public_html/Lead_Management/Loyaltician/clubfourpoints/MemberCreation_Process.php on line 350
[2026-01-21 10:55:49.000000] [Memory: 0.87MB] Querying Members table for LeadID: 80547
[2026-01-21 10:55:49.000000] [Memory: 0.89MB] ✓ Members data fetched, Level: 2
[2026-01-21 10:55:49.000000] [Memory: 0.89MB] Querying Level table...
[2026-01-21 10:55:49.000000] [Memory: 0.91MB] ✓ Level data fetched
[2026-01-21 10:55:49.000000] [Memory: 0.91MB] Querying voucher_Booklet table...
[2026-01-21 10:55:49.000000] [Memory: 0.92MB] ✓ Voucher booklet data fetched
[2026-01-21 10:55:49.000000] [Memory: 0.92MB] Starting database transaction...
[2026-01-21 10:55:49.000000] [Memory: 0.92MB] ✓ Transaction started
[2026-01-21 10:55:49.000000] [Memory: 0.92MB] Updating Members table...
[2026-01-21 10:55:49.000000] [Memory: 0.92MB] ✓ Members table updated successfully
[2026-01-21 10:55:49.000000] [Memory: 0.92MB] Updating Leads_table...
[2026-01-21 10:55:49.000000] [Memory: 0.92MB] ✓ Leads_table updated
[2026-01-21 10:55:49.000000] [Memory: 0.92MB] Updating voucher_Booklet...
[2026-01-21 10:55:49.000000] [Memory: 0.92MB] ✓ voucher_Booklet updated
[2026-01-21 10:55:49.000000] [Memory: 0.94MB] Inserting BarcodeScan records, count: 36
[2026-01-21 10:55:49.000000] [Memory: 0.94MB] ✓ BarcodeScan records inserted
[2026-01-21 10:55:49.000000] [Memory: 1.02MB] Processing membership level: 2
[2026-01-21 10:55:49.000000] [Memory: 1.25MB] ⚠ SKIPPING email to customer (Level 2 - Platinum) - Email disabled for debugging
[2026-01-21 10:55:49.000000] [Memory: 1.25MB] Would send to: setia.ravinder@gmail.com
[2026-01-21 10:55:49.000000] [Memory: 1.25MB] Preparing enrollment statistics...
[2026-01-21 10:55:49.000000] [Memory: 1.4MB] Preparing internal notification message...
[2026-01-21 10:55:49.000000] [Memory: 1.42MB] Building message1 table...
[2026-01-21 10:55:49.000000] [Memory: 1.35MB] ⚠ SKIPPING internal notification email - Email disabled for debugging
[2026-01-21 10:55:49.000000] [Memory: 1.35MB] Sending log details email...
[2026-01-21 10:55:49.000000] [Memory: 1.35MB] ⚠ SKIPPING log details email - Email disabled for debugging
[2026-01-21 10:55:49.000000] [Memory: 1.35MB] Would send to: contactus@clubfourpoints.com
[2026-01-21 10:55:49.000000] [Memory: 1.35MB] Inserting voucher_Details: MembershipNumber=14412831, VoucherBookletNumber=14001067
[2026-01-21 10:55:49.000000] [Memory: 1.35MB] SQL Query: insert into voucher_Details (MembershipNumber,VoucherBookletNumber)values('14412831','14001067')
[2026-01-21 10:55:49.000000] [Memory: 1.35MB] ✓ voucher_Details inserted successfully
[2026-01-21 10:55:49.000000] [Memory: 1.35MB] Committing transaction...
[2026-01-21 10:55:49.000000] [Memory: 1.35MB] ✓ Transaction committed successfully
[2026-01-21 10:55:49.000000] [Memory: 1.35MB] === SCRIPT COMPLETED SUCCESSFULLY ===
[2026-01-21 10:55:49.000000] [Memory: 1.35MB] Total execution time: 0.03 seconds
[2026-01-21 10:55:49.000000] [Memory: 1.35MB] Peak memory usage: 1.97MB
[2026-01-30 12:38:35.000000] [Memory: 0.4MB] === SCRIPT STARTED ===
[2026-01-30 12:38:35.000000] [Memory: 0.4MB] ⚠️ DEBUG MODE: Email API calls are DISABLED
[2026-01-30 12:38:35.000000] [Memory: 0.4MB] PHP Version: 7.4.33
[2026-01-30 12:38:35.000000] [Memory: 0.4MB] Memory Limit: 512M
[2026-01-30 12:38:35.000000] [Memory: 0.4MB] Max Execution Time: 300s
[2026-01-30 12:38:35.000000] [Memory: 0.4MB] Loading config files...
[2026-01-30 18:08:35.000000] [Memory: 0.48MB] ✓ config.php loaded successfully
[2026-01-30 18:08:35.000000] [Memory: 0.48MB] ✓ number_to_wordConvert.php loaded successfully
[2026-01-30 18:08:35.000000] [Memory: 0.48MB] Collecting POST data...
[2026-01-30 18:08:35.000000] [Memory: 0.48MB] Static_LeadID: 80548
[2026-01-30 18:08:35.000000] [Memory: 0.48MB] Attachment path set: https://sarsspl.com/Lead_Management/Loyaltician/clubfourpoints/Leadpdf/memberpdf/Mr. Mohan S Mhatre.pdf
[2026-01-30 18:08:35.000000] [Memory: 0.48MB] Loading TCPDF library...
[2026-01-30 18:08:35.000000] [Memory: 0.49MB] ✓ tcpdf_include.php loaded
[30-Jan-2026 18:08:35 Asia/Kolkata] PHP Deprecated:  Array and string offset access syntax with curly braces is deprecated in /home/u444388293/domains/sarsspl.com/public_html/Lead_Management/Loyaltician/clubfourpoints/Leadpdf/generatepdf/TCPDF-master/tcpdf.php on line 16899
[30-Jan-2026 18:08:35 Asia/Kolkata] PHP Deprecated:  Array and string offset access syntax with curly braces is deprecated in /home/u444388293/domains/sarsspl.com/public_html/Lead_Management/Loyaltician/clubfourpoints/Leadpdf/generatepdf/TCPDF-master/tcpdf.php on line 16899
[30-Jan-2026 18:08:35 Asia/Kolkata] PHP Deprecated:  Array and string offset access syntax with curly braces is deprecated in /home/u444388293/domains/sarsspl.com/public_html/Lead_Management/Loyaltician/clubfourpoints/Leadpdf/generatepdf/TCPDF-master/tcpdf.php on line 16902
[30-Jan-2026 18:08:35 Asia/Kolkata] PHP Warning:  "continue" targeting switch is equivalent to "break". Did you mean to use "continue 2"? in /home/u444388293/domains/sarsspl.com/public_html/Lead_Management/Loyaltician/clubfourpoints/Leadpdf/generatepdf/TCPDF-master/tcpdf.php on line 17784
[30-Jan-2026 18:08:35 Asia/Kolkata] PHP Deprecated:  Array and string offset access syntax with curly braces is deprecated in /home/u444388293/domains/sarsspl.com/public_html/Lead_Management/Loyaltician/clubfourpoints/Leadpdf/generatepdf/TCPDF-master/include/tcpdf_images.php on line 318
[2026-01-30 18:08:35.000000] [Memory: 0.8MB] ✓ tcpdf.php loaded
[2026-01-30 18:08:35.000000] [Memory: 0.84MB] Creating PDF document...
[30-Jan-2026 18:08:35 Asia/Kolkata] PHP Warning:  chr() expects parameter 1 to be int, string given in /home/u444388293/domains/sarsspl.com/public_html/Lead_Management/Loyaltician/clubfourpoints/Leadpdf/generatepdf/TCPDF-master/include/tcpdf_fonts.php on line 1671
[2026-01-30 18:08:35.000000] [Memory: 0.88MB] ✓ PDF object created successfully
[2026-01-30 18:08:35.000000] [Memory: 0.88MB] Configuring PDF settings...
[2026-01-30 18:08:35.000000] [Memory: 0.9MB] ✓ PDF configured
[30-Jan-2026 18:08:35 Asia/Kolkata] PHP Notice:  Undefined variable: MembershipDetails_Level in /home/u444388293/domains/sarsspl.com/public_html/Lead_Management/Loyaltician/clubfourpoints/MemberCreation_Process.php on line 350
[30-Jan-2026 18:08:35 Asia/Kolkata] PHP Notice:  Undefined variable: MembershipDetails_Level in /home/u444388293/domains/sarsspl.com/public_html/Lead_Management/Loyaltician/clubfourpoints/MemberCreation_Process.php on line 350
[2026-01-30 18:08:35.000000] [Memory: 0.93MB] Querying Members table for LeadID: 80548
[2026-01-30 18:08:35.000000] [Memory: 0.95MB] ✓ Members data fetched, Level: 2
[2026-01-30 18:08:35.000000] [Memory: 0.95MB] Querying Level table...
[2026-01-30 18:08:35.000000] [Memory: 0.96MB] ✓ Level data fetched
[2026-01-30 18:08:35.000000] [Memory: 0.96MB] Querying voucher_Booklet table...
[2026-01-30 18:08:35.000000] [Memory: 0.98MB] ✓ Voucher booklet data fetched
[2026-01-30 18:08:35.000000] [Memory: 0.98MB] Starting database transaction...
[2026-01-30 18:08:35.000000] [Memory: 0.98MB] ✓ Transaction started
[2026-01-30 18:08:35.000000] [Memory: 0.98MB] Updating Members table...
[2026-01-30 18:08:35.000000] [Memory: 0.98MB] ✓ Members table updated successfully
[2026-01-30 18:08:35.000000] [Memory: 0.98MB] Updating Leads_table...
[2026-01-30 18:08:35.000000] [Memory: 0.98MB] ✓ Leads_table updated
[2026-01-30 18:08:35.000000] [Memory: 0.98MB] Updating voucher_Booklet...
[2026-01-30 18:08:35.000000] [Memory: 0.98MB] ✓ voucher_Booklet updated
[2026-01-30 18:08:35.000000] [Memory: 1MB] Inserting BarcodeScan records, count: 36
[2026-01-30 18:08:35.000000] [Memory: 1MB] ✓ BarcodeScan records inserted
[2026-01-30 18:08:35.000000] [Memory: 1.07MB] Processing membership level: 2
[2026-01-30 18:08:35.000000] [Memory: 1.31MB] ⚠ SKIPPING email to customer (Level 2 - Platinum) - Email disabled for debugging
[2026-01-30 18:08:35.000000] [Memory: 1.31MB] Would send to: mohan.mhatre@yahoo.com
[2026-01-30 18:08:35.000000] [Memory: 1.31MB] Preparing enrollment statistics...
[2026-01-30 18:08:35.000000] [Memory: 1.46MB] Preparing internal notification message...
[2026-01-30 18:08:35.000000] [Memory: 1.47MB] Building message1 table...
[2026-01-30 18:08:35.000000] [Memory: 1.41MB] ⚠ SKIPPING internal notification email - Email disabled for debugging
[2026-01-30 18:08:35.000000] [Memory: 1.41MB] Sending log details email...
[2026-01-30 18:08:35.000000] [Memory: 1.41MB] ⚠ SKIPPING log details email - Email disabled for debugging
[2026-01-30 18:08:35.000000] [Memory: 1.41MB] Would send to: contactus@clubfourpoints.com
[2026-01-30 18:08:35.000000] [Memory: 1.41MB] Inserting voucher_Details: MembershipNumber=14221991, VoucherBookletNumber=14001068
[2026-01-30 18:08:35.000000] [Memory: 1.41MB] SQL Query: insert into voucher_Details (MembershipNumber,VoucherBookletNumber)values('14221991','14001068')
[2026-01-30 18:08:35.000000] [Memory: 1.41MB] ✓ voucher_Details inserted successfully
[2026-01-30 18:08:35.000000] [Memory: 1.41MB] Committing transaction...
[2026-01-30 18:08:35.000000] [Memory: 1.41MB] ✓ Transaction committed successfully
[2026-01-30 18:08:35.000000] [Memory: 1.41MB] === SCRIPT COMPLETED SUCCESSFULLY ===
[2026-01-30 18:08:35.000000] [Memory: 1.41MB] Total execution time: 0.16 seconds
[2026-01-30 18:08:35.000000] [Memory: 1.41MB] Peak memory usage: 12.74MB
[2026-01-30 12:51:37.000000] [Memory: 0.4MB] === SCRIPT STARTED ===
[2026-01-30 12:51:37.000000] [Memory: 0.4MB] ⚠️ DEBUG MODE: Email API calls are DISABLED
[2026-01-30 12:51:37.000000] [Memory: 0.4MB] PHP Version: 7.4.33
[2026-01-30 12:51:37.000000] [Memory: 0.4MB] Memory Limit: 512M
[2026-01-30 12:51:37.000000] [Memory: 0.4MB] Max Execution Time: 300s
[2026-01-30 12:51:37.000000] [Memory: 0.4MB] Loading config files...
[2026-01-30 18:21:37.000000] [Memory: 0.48MB] ✓ config.php loaded successfully
[2026-01-30 18:21:37.000000] [Memory: 0.48MB] ✓ number_to_wordConvert.php loaded successfully
[2026-01-30 18:21:37.000000] [Memory: 0.48MB] Collecting POST data...
[2026-01-30 18:21:37.000000] [Memory: 0.48MB] Static_LeadID: 80549
[2026-01-30 18:21:37.000000] [Memory: 0.48MB] Attachment path set: https://sarsspl.com/Lead_Management/Loyaltician/clubfourpoints/Leadpdf/memberpdf/Mr. N M Joshi.pdf
[2026-01-30 18:21:37.000000] [Memory: 0.48MB] Loading TCPDF library...
[2026-01-30 18:21:37.000000] [Memory: 0.48MB] ✓ tcpdf_include.php loaded
[2026-01-30 18:21:37.000000] [Memory: 0.63MB] ✓ tcpdf.php loaded
[2026-01-30 18:21:37.000000] [Memory: 0.77MB] Creating PDF document...
[30-Jan-2026 18:21:37 Asia/Kolkata] PHP Warning:  chr() expects parameter 1 to be int, string given in /home/u444388293/domains/sarsspl.com/public_html/Lead_Management/Loyaltician/clubfourpoints/Leadpdf/generatepdf/TCPDF-master/include/tcpdf_fonts.php on line 1671
[2026-01-30 18:21:37.000000] [Memory: 0.82MB] ✓ PDF object created successfully
[2026-01-30 18:21:37.000000] [Memory: 0.82MB] Configuring PDF settings...
[2026-01-30 18:21:37.000000] [Memory: 0.83MB] ✓ PDF configured
[30-Jan-2026 18:21:37 Asia/Kolkata] PHP Notice:  Undefined variable: MembershipDetails_Level in /home/u444388293/domains/sarsspl.com/public_html/Lead_Management/Loyaltician/clubfourpoints/MemberCreation_Process.php on line 350
[30-Jan-2026 18:21:37 Asia/Kolkata] PHP Notice:  Undefined variable: MembershipDetails_Level in /home/u444388293/domains/sarsspl.com/public_html/Lead_Management/Loyaltician/clubfourpoints/MemberCreation_Process.php on line 350
[2026-01-30 18:21:37.000000] [Memory: 0.87MB] Querying Members table for LeadID: 80549
[2026-01-30 18:21:37.000000] [Memory: 0.88MB] ✓ Members data fetched, Level: 2
[2026-01-30 18:21:37.000000] [Memory: 0.88MB] Querying Level table...
[2026-01-30 18:21:37.000000] [Memory: 0.9MB] ✓ Level data fetched
[2026-01-30 18:21:37.000000] [Memory: 0.9MB] Querying voucher_Booklet table...
[2026-01-30 18:21:37.000000] [Memory: 0.91MB] ✓ Voucher booklet data fetched
[2026-01-30 18:21:37.000000] [Memory: 0.91MB] Starting database transaction...
[2026-01-30 18:21:37.000000] [Memory: 0.91MB] ✓ Transaction started
[2026-01-30 18:21:37.000000] [Memory: 0.91MB] Updating Members table...
[2026-01-30 18:21:37.000000] [Memory: 0.91MB] ✓ Members table updated successfully
[2026-01-30 18:21:37.000000] [Memory: 0.91MB] Updating Leads_table...
[2026-01-30 18:21:37.000000] [Memory: 0.91MB] ✓ Leads_table updated
[2026-01-30 18:21:37.000000] [Memory: 0.91MB] Updating voucher_Booklet...
[2026-01-30 18:21:37.000000] [Memory: 0.91MB] ✓ voucher_Booklet updated
[2026-01-30 18:21:37.000000] [Memory: 0.93MB] Inserting BarcodeScan records, count: 36
[2026-01-30 18:21:37.000000] [Memory: 0.93MB] ✓ BarcodeScan records inserted
[2026-01-30 18:21:37.000000] [Memory: 1.01MB] Processing membership level: 2
[2026-01-30 18:21:37.000000] [Memory: 1.25MB] ⚠ SKIPPING email to customer (Level 2 - Platinum) - Email disabled for debugging
[2026-01-30 18:21:37.000000] [Memory: 1.25MB] Would send to: n.m.joshi@yahoo.com
[2026-01-30 18:21:37.000000] [Memory: 1.25MB] Preparing enrollment statistics...
[2026-01-30 18:21:37.000000] [Memory: 1.39MB] Preparing internal notification message...
[2026-01-30 18:21:37.000000] [Memory: 1.41MB] Building message1 table...
[2026-01-30 18:21:37.000000] [Memory: 1.34MB] ⚠ SKIPPING internal notification email - Email disabled for debugging
[2026-01-30 18:21:37.000000] [Memory: 1.34MB] Sending log details email...
[2026-01-30 18:21:37.000000] [Memory: 1.34MB] ⚠ SKIPPING log details email - Email disabled for debugging
[2026-01-30 18:21:37.000000] [Memory: 1.34MB] Would send to: contactus@clubfourpoints.com
[2026-01-30 18:21:37.000000] [Memory: 1.34MB] Inserting voucher_Details: MembershipNumber=14767941, VoucherBookletNumber=14001069
[2026-01-30 18:21:37.000000] [Memory: 1.34MB] SQL Query: insert into voucher_Details (MembershipNumber,VoucherBookletNumber)values('14767941','14001069')
[2026-01-30 18:21:37.000000] [Memory: 1.34MB] ✓ voucher_Details inserted successfully
[2026-01-30 18:21:37.000000] [Memory: 1.34MB] Committing transaction...
[2026-01-30 18:21:37.000000] [Memory: 1.34MB] ✓ Transaction committed successfully
[2026-01-30 18:21:37.000000] [Memory: 1.34MB] === SCRIPT COMPLETED SUCCESSFULLY ===
[2026-01-30 18:21:37.000000] [Memory: 1.34MB] Total execution time: 0.04 seconds
[2026-01-30 18:21:37.000000] [Memory: 1.34MB] Peak memory usage: 1.96MB
[2026-02-14 11:49:54.000000] [Memory: 0.4MB] === SCRIPT STARTED ===
[2026-02-14 11:49:54.000000] [Memory: 0.4MB] ⚠️ DEBUG MODE: Email API calls are DISABLED
[2026-02-14 11:49:54.000000] [Memory: 0.4MB] PHP Version: 7.4.33
[2026-02-14 11:49:54.000000] [Memory: 0.4MB] Memory Limit: 512M
[2026-02-14 11:49:54.000000] [Memory: 0.4MB] Max Execution Time: 300s
[2026-02-14 11:49:54.000000] [Memory: 0.4MB] Loading config files...
[2026-02-14 17:19:54.000000] [Memory: 0.48MB] ✓ config.php loaded successfully
[2026-02-14 17:19:54.000000] [Memory: 0.48MB] ✓ number_to_wordConvert.php loaded successfully
[2026-02-14 17:19:54.000000] [Memory: 0.48MB] Collecting POST data...
[2026-02-14 17:19:54.000000] [Memory: 0.48MB] Static_LeadID: 80550
[2026-02-14 17:19:54.000000] [Memory: 0.48MB] Attachment path set: https://sarsspl.com/Lead_Management/Loyaltician/clubfourpoints/Leadpdf/memberpdf/Mr. Joshua A Patnigere.pdf
[2026-02-14 17:19:54.000000] [Memory: 0.48MB] Loading TCPDF library...
[2026-02-14 17:19:54.000000] [Memory: 0.48MB] ✓ tcpdf_include.php loaded
[2026-02-14 17:19:54.000000] [Memory: 0.63MB] ✓ tcpdf.php loaded
[2026-02-14 17:19:54.000000] [Memory: 0.77MB] Creating PDF document...
[14-Feb-2026 17:19:54 Asia/Kolkata] PHP Warning:  chr() expects parameter 1 to be int, string given in /home/u444388293/domains/sarsspl.com/public_html/Lead_Management/Loyaltician/clubfourpoints/Leadpdf/generatepdf/TCPDF-master/include/tcpdf_fonts.php on line 1671
[2026-02-14 17:19:54.000000] [Memory: 0.82MB] ✓ PDF object created successfully
[2026-02-14 17:19:54.000000] [Memory: 0.82MB] Configuring PDF settings...
[2026-02-14 17:19:54.000000] [Memory: 0.83MB] ✓ PDF configured
[14-Feb-2026 17:19:54 Asia/Kolkata] PHP Notice:  Undefined variable: MembershipDetails_Level in /home/u444388293/domains/sarsspl.com/public_html/Lead_Management/Loyaltician/clubfourpoints/MemberCreation_Process.php on line 350
[14-Feb-2026 17:19:54 Asia/Kolkata] PHP Notice:  Undefined variable: MembershipDetails_Level in /home/u444388293/domains/sarsspl.com/public_html/Lead_Management/Loyaltician/clubfourpoints/MemberCreation_Process.php on line 350
[2026-02-14 17:19:54.000000] [Memory: 0.87MB] Querying Members table for LeadID: 80550
[2026-02-14 17:19:54.000000] [Memory: 0.88MB] ✓ Members data fetched, Level: 2
[2026-02-14 17:19:54.000000] [Memory: 0.88MB] Querying Level table...
[2026-02-14 17:19:54.000000] [Memory: 0.9MB] ✓ Level data fetched
[2026-02-14 17:19:54.000000] [Memory: 0.9MB] Querying voucher_Booklet table...
[2026-02-14 17:19:54.000000] [Memory: 0.92MB] ✓ Voucher booklet data fetched
[2026-02-14 17:19:54.000000] [Memory: 0.92MB] Starting database transaction...
[2026-02-14 17:19:54.000000] [Memory: 0.92MB] ✓ Transaction started
[2026-02-14 17:19:54.000000] [Memory: 0.92MB] Updating Members table...
[2026-02-14 17:19:54.000000] [Memory: 0.92MB] ✓ Members table updated successfully
[2026-02-14 17:19:54.000000] [Memory: 0.92MB] Updating Leads_table...
[2026-02-14 17:19:54.000000] [Memory: 0.92MB] ✓ Leads_table updated
[2026-02-14 17:19:54.000000] [Memory: 0.92MB] Updating voucher_Booklet...
[2026-02-14 17:19:54.000000] [Memory: 0.92MB] ✓ voucher_Booklet updated
[2026-02-14 17:19:54.000000] [Memory: 0.93MB] Inserting BarcodeScan records, count: 36
[2026-02-14 17:19:54.000000] [Memory: 0.93MB] ✓ BarcodeScan records inserted
[2026-02-14 17:19:54.000000] [Memory: 1.01MB] Processing membership level: 2
[2026-02-14 17:19:54.000000] [Memory: 1.25MB] ⚠ SKIPPING email to customer (Level 2 - Platinum) - Email disabled for debugging
[2026-02-14 17:19:54.000000] [Memory: 1.25MB] Would send to: joshuapatnigere@gmail.com
[2026-02-14 17:19:54.000000] [Memory: 1.25MB] Preparing enrollment statistics...
[2026-02-14 17:19:54.000000] [Memory: 1.39MB] Preparing internal notification message...
[2026-02-14 17:19:54.000000] [Memory: 1.41MB] Building message1 table...
[2026-02-14 17:19:54.000000] [Memory: 1.34MB] ⚠ SKIPPING internal notification email - Email disabled for debugging
[2026-02-14 17:19:54.000000] [Memory: 1.34MB] Sending log details email...
[2026-02-14 17:19:54.000000] [Memory: 1.34MB] ⚠ SKIPPING log details email - Email disabled for debugging
[2026-02-14 17:19:54.000000] [Memory: 1.34MB] Would send to: contactus@clubfourpoints.com
[2026-02-14 17:19:54.000000] [Memory: 1.34MB] Inserting voucher_Details: MembershipNumber=14868721, VoucherBookletNumber=14001070
[2026-02-14 17:19:54.000000] [Memory: 1.34MB] SQL Query: insert into voucher_Details (MembershipNumber,VoucherBookletNumber)values('14868721','14001070')
[2026-02-14 17:19:54.000000] [Memory: 1.34MB] ✓ voucher_Details inserted successfully
[2026-02-14 17:19:54.000000] [Memory: 1.34MB] Committing transaction...
[2026-02-14 17:19:54.000000] [Memory: 1.34MB] ✓ Transaction committed successfully
[2026-02-14 17:19:54.000000] [Memory: 1.34MB] === SCRIPT COMPLETED SUCCESSFULLY ===
[2026-02-14 17:19:54.000000] [Memory: 1.34MB] Total execution time: 0.3 seconds
[2026-02-14 17:19:54.000000] [Memory: 1.34MB] Peak memory usage: 1.96MB
[2026-02-18 10:43:42.000000] [Memory: 0.4MB] === SCRIPT STARTED ===
[2026-02-18 10:43:42.000000] [Memory: 0.4MB] ⚠️ DEBUG MODE: Email API calls are DISABLED
[2026-02-18 10:43:42.000000] [Memory: 0.4MB] PHP Version: 7.4.33
[2026-02-18 10:43:42.000000] [Memory: 0.4MB] Memory Limit: 512M
[2026-02-18 10:43:42.000000] [Memory: 0.4MB] Max Execution Time: 300s
[2026-02-18 10:43:42.000000] [Memory: 0.4MB] Loading config files...
[2026-02-18 16:13:42.000000] [Memory: 0.48MB] ✓ config.php loaded successfully
[2026-02-18 16:13:42.000000] [Memory: 0.48MB] ✓ number_to_wordConvert.php loaded successfully
[2026-02-18 16:13:42.000000] [Memory: 0.48MB] Collecting POST data...
[2026-02-18 16:13:42.000000] [Memory: 0.48MB] Static_LeadID: 80551
[2026-02-18 16:13:42.000000] [Memory: 0.48MB] Attachment path set: https://sarsspl.com/Lead_Management/Loyaltician/clubfourpoints/Leadpdf/memberpdf/Ms. Neha Gharat.pdf
[2026-02-18 16:13:42.000000] [Memory: 0.48MB] Loading TCPDF library...
[2026-02-18 16:13:42.000000] [Memory: 0.48MB] ✓ tcpdf_include.php loaded
[2026-02-18 16:13:42.000000] [Memory: 0.63MB] ✓ tcpdf.php loaded
[2026-02-18 16:13:42.000000] [Memory: 0.77MB] Creating PDF document...
[18-Feb-2026 16:13:42 Asia/Kolkata] PHP Warning:  chr() expects parameter 1 to be int, string given in /home/u444388293/domains/sarsspl.com/public_html/Lead_Management/Loyaltician/clubfourpoints/Leadpdf/generatepdf/TCPDF-master/include/tcpdf_fonts.php on line 1671
[2026-02-18 16:13:42.000000] [Memory: 0.82MB] ✓ PDF object created successfully
[2026-02-18 16:13:42.000000] [Memory: 0.82MB] Configuring PDF settings...
[2026-02-18 16:13:42.000000] [Memory: 0.84MB] ✓ PDF configured
[18-Feb-2026 16:13:42 Asia/Kolkata] PHP Notice:  Undefined variable: MembershipDetails_Level in /home/u444388293/domains/sarsspl.com/public_html/Lead_Management/Loyaltician/clubfourpoints/MemberCreation_Process.php on line 350
[18-Feb-2026 16:13:42 Asia/Kolkata] PHP Notice:  Undefined variable: MembershipDetails_Level in /home/u444388293/domains/sarsspl.com/public_html/Lead_Management/Loyaltician/clubfourpoints/MemberCreation_Process.php on line 350
[2026-02-18 16:13:42.000000] [Memory: 0.87MB] Querying Members table for LeadID: 80551
[2026-02-18 16:13:42.000000] [Memory: 0.88MB] ✓ Members data fetched, Level: 1
[2026-02-18 16:13:42.000000] [Memory: 0.88MB] Querying Level table...
[2026-02-18 16:13:42.000000] [Memory: 0.9MB] ✓ Level data fetched
[2026-02-18 16:13:42.000000] [Memory: 0.9MB] Querying voucher_Booklet table...
[2026-02-18 16:13:42.000000] [Memory: 0.92MB] ✓ Voucher booklet data fetched
[2026-02-18 16:13:42.000000] [Memory: 0.92MB] Starting database transaction...
[2026-02-18 16:13:42.000000] [Memory: 0.92MB] ✓ Transaction started
[2026-02-18 16:13:42.000000] [Memory: 0.92MB] Updating Members table...
[2026-02-18 16:13:42.000000] [Memory: 0.92MB] ✓ Members table updated successfully
[2026-02-18 16:13:42.000000] [Memory: 0.92MB] Updating Leads_table...
[2026-02-18 16:13:42.000000] [Memory: 0.92MB] ✓ Leads_table updated
[2026-02-18 16:13:42.000000] [Memory: 0.92MB] Updating voucher_Booklet...
[2026-02-18 16:13:42.000000] [Memory: 0.92MB] ✓ voucher_Booklet updated
[2026-02-18 16:13:42.000000] [Memory: 0.93MB] Inserting BarcodeScan records, count: 27
[2026-02-18 16:13:42.000000] [Memory: 0.93MB] ✓ BarcodeScan records inserted
[2026-02-18 16:13:42.000000] [Memory: 1.01MB] Processing membership level: 1
[2026-02-18 16:13:42.000000] [Memory: 1.01MB] Creating Gold membership email and PDF...
[2026-02-18 16:13:42.000000] [Memory: 1.21MB] ⚠ SKIPPING email to customer (Level 1 - Gold) - Email disabled for debugging
[2026-02-18 16:13:42.000000] [Memory: 1.21MB] Would send to: nehathakur1312@gmail.com
[2026-02-18 16:13:42.000000] [Memory: 1.21MB] Preparing enrollment statistics...
[2026-02-18 16:13:42.000000] [Memory: 1.36MB] Preparing internal notification message...
[2026-02-18 16:13:42.000000] [Memory: 1.37MB] Building message1 table...
[2026-02-18 16:13:42.000000] [Memory: 1.32MB] ⚠ SKIPPING internal notification email - Email disabled for debugging
[2026-02-18 16:13:42.000000] [Memory: 1.32MB] Sending log details email...
[2026-02-18 16:13:42.000000] [Memory: 1.32MB] ⚠ SKIPPING log details email - Email disabled for debugging
[2026-02-18 16:13:42.000000] [Memory: 1.32MB] Would send to: contactus@clubfourpoints.com
[2026-02-18 16:13:42.000000] [Memory: 1.32MB] Inserting voucher_Details: MembershipNumber=12184521, VoucherBookletNumber=12000614
[2026-02-18 16:13:42.000000] [Memory: 1.33MB] SQL Query: insert into voucher_Details (MembershipNumber,VoucherBookletNumber)values('12184521','12000614')
[2026-02-18 16:13:42.000000] [Memory: 1.32MB] ✓ voucher_Details inserted successfully
[2026-02-18 16:13:42.000000] [Memory: 1.32MB] Committing transaction...
[2026-02-18 16:13:42.000000] [Memory: 1.32MB] ✓ Transaction committed successfully
[2026-02-18 16:13:42.000000] [Memory: 1.32MB] === SCRIPT COMPLETED SUCCESSFULLY ===
[2026-02-18 16:13:42.000000] [Memory: 1.32MB] Total execution time: 0.06 seconds
[2026-02-18 16:13:42.000000] [Memory: 1.32MB] Peak memory usage: 1.94MB
[2026-03-02 05:08:39.000000] [Memory: 0.4MB] === SCRIPT STARTED ===
[2026-03-02 05:08:39.000000] [Memory: 0.4MB] ⚠️ DEBUG MODE: Email API calls are DISABLED
[2026-03-02 05:08:39.000000] [Memory: 0.4MB] PHP Version: 7.4.33
[2026-03-02 05:08:39.000000] [Memory: 0.4MB] Memory Limit: 512M
[2026-03-02 05:08:39.000000] [Memory: 0.4MB] Max Execution Time: 300s
[2026-03-02 05:08:39.000000] [Memory: 0.4MB] Loading config files...
[2026-03-02 10:38:39.000000] [Memory: 0.48MB] ✓ config.php loaded successfully
[2026-03-02 10:38:39.000000] [Memory: 0.48MB] ✓ number_to_wordConvert.php loaded successfully
[2026-03-02 10:38:39.000000] [Memory: 0.48MB] Collecting POST data...
[2026-03-02 10:38:39.000000] [Memory: 0.48MB] Static_LeadID: 80552
[2026-03-02 10:38:39.000000] [Memory: 0.48MB] Attachment path set: https://sarsspl.com/Lead_Management/Loyaltician/clubfourpoints/Leadpdf/memberpdf/Mr. Taejas S Shinde.pdf
[2026-03-02 10:38:39.000000] [Memory: 0.48MB] Loading TCPDF library...
[2026-03-02 10:38:39.000000] [Memory: 0.48MB] ✓ tcpdf_include.php loaded
[02-Mar-2026 10:38:39 Asia/Kolkata] PHP Deprecated:  Array and string offset access syntax with curly braces is deprecated in /home/u444388293/domains/sarsspl.com/public_html/Lead_Management/Loyaltician/clubfourpoints/Leadpdf/generatepdf/TCPDF-master/tcpdf.php on line 16899
[02-Mar-2026 10:38:39 Asia/Kolkata] PHP Deprecated:  Array and string offset access syntax with curly braces is deprecated in /home/u444388293/domains/sarsspl.com/public_html/Lead_Management/Loyaltician/clubfourpoints/Leadpdf/generatepdf/TCPDF-master/tcpdf.php on line 16899
[02-Mar-2026 10:38:39 Asia/Kolkata] PHP Deprecated:  Array and string offset access syntax with curly braces is deprecated in /home/u444388293/domains/sarsspl.com/public_html/Lead_Management/Loyaltician/clubfourpoints/Leadpdf/generatepdf/TCPDF-master/tcpdf.php on line 16902
[02-Mar-2026 10:38:39 Asia/Kolkata] PHP Warning:  "continue" targeting switch is equivalent to "break". Did you mean to use "continue 2"? in /home/u444388293/domains/sarsspl.com/public_html/Lead_Management/Loyaltician/clubfourpoints/Leadpdf/generatepdf/TCPDF-master/tcpdf.php on line 17784
[02-Mar-2026 10:38:39 Asia/Kolkata] PHP Deprecated:  Array and string offset access syntax with curly braces is deprecated in /home/u444388293/domains/sarsspl.com/public_html/Lead_Management/Loyaltician/clubfourpoints/Leadpdf/generatepdf/TCPDF-master/include/tcpdf_images.php on line 318
[2026-03-02 10:38:39.000000] [Memory: 0.8MB] ✓ tcpdf.php loaded
[2026-03-02 10:38:39.000000] [Memory: 0.84MB] Creating PDF document...
[02-Mar-2026 10:38:39 Asia/Kolkata] PHP Warning:  chr() expects parameter 1 to be int, string given in /home/u444388293/domains/sarsspl.com/public_html/Lead_Management/Loyaltician/clubfourpoints/Leadpdf/generatepdf/TCPDF-master/include/tcpdf_fonts.php on line 1671
[2026-03-02 10:38:39.000000] [Memory: 0.88MB] ✓ PDF object created successfully
[2026-03-02 10:38:39.000000] [Memory: 0.88MB] Configuring PDF settings...
[2026-03-02 10:38:39.000000] [Memory: 0.9MB] ✓ PDF configured
[02-Mar-2026 10:38:39 Asia/Kolkata] PHP Notice:  Undefined variable: MembershipDetails_Level in /home/u444388293/domains/sarsspl.com/public_html/Lead_Management/Loyaltician/clubfourpoints/MemberCreation_Process.php on line 350
[02-Mar-2026 10:38:39 Asia/Kolkata] PHP Notice:  Undefined variable: MembershipDetails_Level in /home/u444388293/domains/sarsspl.com/public_html/Lead_Management/Loyaltician/clubfourpoints/MemberCreation_Process.php on line 350
[2026-03-02 10:38:39.000000] [Memory: 0.93MB] Querying Members table for LeadID: 80552
[2026-03-02 10:38:39.000000] [Memory: 0.95MB] ✓ Members data fetched, Level: 2
[2026-03-02 10:38:39.000000] [Memory: 0.95MB] Querying Level table...
[2026-03-02 10:38:39.000000] [Memory: 0.96MB] ✓ Level data fetched
[2026-03-02 10:38:39.000000] [Memory: 0.96MB] Querying voucher_Booklet table...
[2026-03-02 10:38:39.000000] [Memory: 0.98MB] ✓ Voucher booklet data fetched
[2026-03-02 10:38:39.000000] [Memory: 0.98MB] Starting database transaction...
[2026-03-02 10:38:39.000000] [Memory: 0.98MB] ✓ Transaction started
[2026-03-02 10:38:39.000000] [Memory: 0.98MB] Updating Members table...
[2026-03-02 10:38:39.000000] [Memory: 0.98MB] ✓ Members table updated successfully
[2026-03-02 10:38:39.000000] [Memory: 0.98MB] Updating Leads_table...
[2026-03-02 10:38:39.000000] [Memory: 0.98MB] ✓ Leads_table updated
[2026-03-02 10:38:39.000000] [Memory: 0.98MB] Updating voucher_Booklet...
[2026-03-02 10:38:39.000000] [Memory: 0.98MB] ✓ voucher_Booklet updated
[2026-03-02 10:38:39.000000] [Memory: 1MB] Inserting BarcodeScan records, count: 36
[2026-03-02 10:38:39.000000] [Memory: 1MB] ✓ BarcodeScan records inserted
[2026-03-02 10:38:39.000000] [Memory: 1.07MB] Processing membership level: 2
[2026-03-02 10:38:39.000000] [Memory: 1.31MB] ⚠ SKIPPING email to customer (Level 2 - Platinum) - Email disabled for debugging
[2026-03-02 10:38:39.000000] [Memory: 1.31MB] Would send to: taejas.shinde@gmail.com
[2026-03-02 10:38:39.000000] [Memory: 1.31MB] Preparing enrollment statistics...
[2026-03-02 10:38:39.000000] [Memory: 1.46MB] Preparing internal notification message...
[2026-03-02 10:38:39.000000] [Memory: 1.47MB] Building message1 table...
[2026-03-02 10:38:39.000000] [Memory: 1.41MB] ⚠ SKIPPING internal notification email - Email disabled for debugging
[2026-03-02 10:38:39.000000] [Memory: 1.41MB] Sending log details email...
[2026-03-02 10:38:39.000000] [Memory: 1.41MB] ⚠ SKIPPING log details email - Email disabled for debugging
[2026-03-02 10:38:39.000000] [Memory: 1.41MB] Would send to: contactus@clubfourpoints.com
[2026-03-02 10:38:39.000000] [Memory: 1.41MB] Inserting voucher_Details: MembershipNumber=14441891, VoucherBookletNumber=14001075
[2026-03-02 10:38:39.000000] [Memory: 1.41MB] SQL Query: insert into voucher_Details (MembershipNumber,VoucherBookletNumber)values('14441891','14001075')
[2026-03-02 10:38:39.000000] [Memory: 1.41MB] ✓ voucher_Details inserted successfully
[2026-03-02 10:38:39.000000] [Memory: 1.41MB] Committing transaction...
[2026-03-02 10:38:39.000000] [Memory: 1.41MB] ✓ Transaction committed successfully
[2026-03-02 10:38:39.000000] [Memory: 1.41MB] === SCRIPT COMPLETED SUCCESSFULLY ===
[2026-03-02 10:38:39.000000] [Memory: 1.41MB] Total execution time: 0.14 seconds
[2026-03-02 10:38:39.000000] [Memory: 1.41MB] Peak memory usage: 12.74MB
[2026-03-13 05:55:26.000000] [Memory: 0.4MB] === SCRIPT STARTED ===
[2026-03-13 05:55:26.000000] [Memory: 0.4MB] ⚠️ DEBUG MODE: Email API calls are DISABLED
[2026-03-13 05:55:26.000000] [Memory: 0.4MB] PHP Version: 7.4.33
[2026-03-13 05:55:26.000000] [Memory: 0.4MB] Memory Limit: 512M
[2026-03-13 05:55:26.000000] [Memory: 0.4MB] Max Execution Time: 300s
[2026-03-13 05:55:26.000000] [Memory: 0.4MB] Loading config files...
[2026-03-13 11:25:26.000000] [Memory: 0.48MB] ✓ config.php loaded successfully
[2026-03-13 11:25:26.000000] [Memory: 0.49MB] ✓ number_to_wordConvert.php loaded successfully
[2026-03-13 11:25:26.000000] [Memory: 0.49MB] Collecting POST data...
[2026-03-13 11:25:26.000000] [Memory: 0.49MB] Static_LeadID: 80553
[2026-03-13 11:25:26.000000] [Memory: 0.49MB] Attachment path set: https://sarsspl.com/Lead_Management/Loyaltician/clubfourpoints/Leadpdf/memberpdf/Mr. Vinay D.pdf
[2026-03-13 11:25:26.000000] [Memory: 0.49MB] Loading TCPDF library...
[2026-03-13 11:25:26.000000] [Memory: 0.49MB] ✓ tcpdf_include.php loaded
[2026-03-13 11:25:26.000000] [Memory: 0.64MB] ✓ tcpdf.php loaded
[2026-03-13 11:25:26.000000] [Memory: 0.78MB] Creating PDF document...
[13-Mar-2026 11:25:26 Asia/Kolkata] PHP Warning:  chr() expects parameter 1 to be int, string given in /home/u444388293/domains/sarsspl.com/public_html/Lead_Management/Loyaltician/clubfourpoints/Leadpdf/generatepdf/TCPDF-master/include/tcpdf_fonts.php on line 1671
[2026-03-13 11:25:26.000000] [Memory: 0.82MB] ✓ PDF object created successfully
[2026-03-13 11:25:26.000000] [Memory: 0.82MB] Configuring PDF settings...
[2026-03-13 11:25:26.000000] [Memory: 0.84MB] ✓ PDF configured
[13-Mar-2026 11:25:26 Asia/Kolkata] PHP Notice:  Undefined variable: MembershipDetails_Level in /home/u444388293/domains/sarsspl.com/public_html/Lead_Management/Loyaltician/clubfourpoints/MemberCreation_Process.php on line 350
[13-Mar-2026 11:25:26 Asia/Kolkata] PHP Notice:  Undefined variable: MembershipDetails_Level in /home/u444388293/domains/sarsspl.com/public_html/Lead_Management/Loyaltician/clubfourpoints/MemberCreation_Process.php on line 350
[2026-03-13 11:25:26.000000] [Memory: 0.87MB] Querying Members table for LeadID: 80553
[2026-03-13 11:25:26.000000] [Memory: 0.89MB] ✓ Members data fetched, Level: 2
[2026-03-13 11:25:26.000000] [Memory: 0.89MB] Querying Level table...
[2026-03-13 11:25:26.000000] [Memory: 0.91MB] ✓ Level data fetched
[2026-03-13 11:25:26.000000] [Memory: 0.91MB] Querying voucher_Booklet table...
[2026-03-13 11:25:26.000000] [Memory: 0.92MB] ✓ Voucher booklet data fetched
[2026-03-13 11:25:26.000000] [Memory: 0.92MB] Starting database transaction...
[2026-03-13 11:25:26.000000] [Memory: 0.92MB] ✓ Transaction started
[2026-03-13 11:25:26.000000] [Memory: 0.92MB] Updating Members table...
[2026-03-13 11:25:26.000000] [Memory: 0.92MB] ✓ Members table updated successfully
[2026-03-13 11:25:26.000000] [Memory: 0.92MB] Updating Leads_table...
[2026-03-13 11:25:26.000000] [Memory: 0.92MB] ✓ Leads_table updated
[2026-03-13 11:25:26.000000] [Memory: 0.92MB] Updating voucher_Booklet...
[2026-03-13 11:25:26.000000] [Memory: 0.92MB] ✓ voucher_Booklet updated
[2026-03-13 11:25:26.000000] [Memory: 0.94MB] Inserting BarcodeScan records, count: 36
[2026-03-13 11:25:26.000000] [Memory: 0.94MB] ✓ BarcodeScan records inserted
[2026-03-13 11:25:26.000000] [Memory: 1.02MB] Processing membership level: 2
[2026-03-13 11:25:26.000000] [Memory: 1.25MB] ⚠ SKIPPING email to customer (Level 2 - Platinum) - Email disabled for debugging
[2026-03-13 11:25:26.000000] [Memory: 1.25MB] Would send to: vinwin1129@gmail.com
[2026-03-13 11:25:26.000000] [Memory: 1.25MB] Preparing enrollment statistics...
[2026-03-13 11:25:26.000000] [Memory: 1.4MB] Preparing internal notification message...
[2026-03-13 11:25:26.000000] [Memory: 1.42MB] Building message1 table...
[2026-03-13 11:25:26.000000] [Memory: 1.35MB] ⚠ SKIPPING internal notification email - Email disabled for debugging
[2026-03-13 11:25:26.000000] [Memory: 1.35MB] Sending log details email...
[2026-03-13 11:25:26.000000] [Memory: 1.35MB] ⚠ SKIPPING log details email - Email disabled for debugging
[2026-03-13 11:25:26.000000] [Memory: 1.35MB] Would send to: contactus@clubfourpoints.com
[2026-03-13 11:25:26.000000] [Memory: 1.35MB] Inserting voucher_Details: MembershipNumber=14470601, VoucherBookletNumber=14001076
[2026-03-13 11:25:26.000000] [Memory: 1.35MB] SQL Query: insert into voucher_Details (MembershipNumber,VoucherBookletNumber)values('14470601','14001076')
[2026-03-13 11:25:26.000000] [Memory: 1.35MB] ✓ voucher_Details inserted successfully
[2026-03-13 11:25:26.000000] [Memory: 1.35MB] Committing transaction...
[2026-03-13 11:25:26.000000] [Memory: 1.35MB] ✓ Transaction committed successfully
[2026-03-13 11:25:26.000000] [Memory: 1.35MB] === SCRIPT COMPLETED SUCCESSFULLY ===
[2026-03-13 11:25:26.000000] [Memory: 1.35MB] Total execution time: 0.05 seconds
[2026-03-13 11:25:26.000000] [Memory: 1.35MB] Peak memory usage: 1.96MB
[2026-03-21 06:16:02.000000] [Memory: 0.4MB] === SCRIPT STARTED ===
[2026-03-21 06:16:02.000000] [Memory: 0.4MB] ⚠️ DEBUG MODE: Email API calls are DISABLED
[2026-03-21 06:16:02.000000] [Memory: 0.4MB] PHP Version: 7.4.33
[2026-03-21 06:16:02.000000] [Memory: 0.4MB] Memory Limit: 512M
[2026-03-21 06:16:02.000000] [Memory: 0.4MB] Max Execution Time: 300s
[2026-03-21 06:16:02.000000] [Memory: 0.4MB] Loading config files...
[2026-03-21 11:46:02.000000] [Memory: 0.49MB] ✓ config.php loaded successfully
[2026-03-21 11:46:02.000000] [Memory: 0.49MB] ✓ number_to_wordConvert.php loaded successfully
[2026-03-21 11:46:02.000000] [Memory: 0.49MB] Collecting POST data...
[2026-03-21 11:46:02.000000] [Memory: 0.49MB] Static_LeadID: 80554
[2026-03-21 11:46:02.000000] [Memory: 0.49MB] Attachment path set: https://sarsspl.com/Lead_Management/Loyaltician/clubfourpoints/Leadpdf/memberpdf/Mr. Ashwin Kulkarni.pdf
[2026-03-21 11:46:02.000000] [Memory: 0.49MB] Loading TCPDF library...
[2026-03-21 11:46:02.000000] [Memory: 0.49MB] ✓ tcpdf_include.php loaded
[2026-03-21 11:46:02.000000] [Memory: 0.64MB] ✓ tcpdf.php loaded
[2026-03-21 11:46:02.000000] [Memory: 0.78MB] Creating PDF document...
[21-Mar-2026 11:46:02 Asia/Kolkata] PHP Warning:  chr() expects parameter 1 to be int, string given in /home/u444388293/domains/sarsspl.com/public_html/Lead_Management/Loyaltician/clubfourpoints/Leadpdf/generatepdf/TCPDF-master/include/tcpdf_fonts.php on line 1671
[2026-03-21 11:46:02.000000] [Memory: 0.82MB] ✓ PDF object created successfully
[2026-03-21 11:46:02.000000] [Memory: 0.82MB] Configuring PDF settings...
[2026-03-21 11:46:02.000000] [Memory: 0.84MB] ✓ PDF configured
[21-Mar-2026 11:46:02 Asia/Kolkata] PHP Notice:  Undefined variable: MembershipDetails_Level in /home/u444388293/domains/sarsspl.com/public_html/Lead_Management/Loyaltician/clubfourpoints/MemberCreation_Process.php on line 350
[21-Mar-2026 11:46:02 Asia/Kolkata] PHP Notice:  Undefined variable: MembershipDetails_Level in /home/u444388293/domains/sarsspl.com/public_html/Lead_Management/Loyaltician/clubfourpoints/MemberCreation_Process.php on line 350
[2026-03-21 11:46:02.000000] [Memory: 0.87MB] Querying Members table for LeadID: 80554
[2026-03-21 11:46:02.000000] [Memory: 0.89MB] ✓ Members data fetched, Level: 6
[2026-03-21 11:46:02.000000] [Memory: 0.89MB] Querying Level table...
[2026-03-21 11:46:02.000000] [Memory: 0.9MB] ✓ Level data fetched
[2026-03-21 11:46:02.000000] [Memory: 0.9MB] Querying voucher_Booklet table...
[2026-03-21 11:46:02.000000] [Memory: 0.92MB] ✓ Voucher booklet data fetched
[2026-03-21 11:46:02.000000] [Memory: 0.92MB] Starting database transaction...
[2026-03-21 11:46:02.000000] [Memory: 0.92MB] ✓ Transaction started
[2026-03-21 11:46:02.000000] [Memory: 0.92MB] Updating Members table...
[2026-03-21 11:46:02.000000] [Memory: 0.92MB] ✓ Members table updated successfully
[2026-03-21 11:46:02.000000] [Memory: 0.92MB] Updating Leads_table...
[2026-03-21 11:46:02.000000] [Memory: 0.92MB] ✓ Leads_table updated
[2026-03-21 11:46:02.000000] [Memory: 0.92MB] Updating voucher_Booklet...
[2026-03-21 11:46:02.000000] [Memory: 0.92MB] ✓ voucher_Booklet updated
[2026-03-21 11:46:02.000000] [Memory: 0.94MB] Inserting BarcodeScan records, count: 17
[2026-03-21 11:46:02.000000] [Memory: 0.94MB] ✓ BarcodeScan records inserted
[2026-03-21 11:46:02.000000] [Memory: 1.01MB] Processing membership level: 6
[2026-03-21 11:46:02.000000] [Memory: 1.01MB] Processing Level 6 - Silver membership...
[2026-03-21 11:46:02.000000] [Memory: 1.19MB] ⚠ SKIPPING email to customer (Level 6 - Silver) - Email disabled for debugging
[2026-03-21 11:46:02.000000] [Memory: 1.19MB] Would send to: zsusetup@gmail.com
[2026-03-21 11:46:02.000000] [Memory: 1.19MB] Preparing enrollment statistics...
[2026-03-21 11:46:02.000000] [Memory: 1.34MB] Preparing internal notification message...
[2026-03-21 11:46:02.000000] [Memory: 1.36MB] Building message1 table...
[2026-03-21 11:46:02.000000] [Memory: 1.32MB] ⚠ SKIPPING internal notification email - Email disabled for debugging
[2026-03-21 11:46:02.000000] [Memory: 1.32MB] Sending log details email...
[2026-03-21 11:46:02.000000] [Memory: 1.32MB] ⚠ SKIPPING log details email - Email disabled for debugging
[2026-03-21 11:46:02.000000] [Memory: 1.32MB] Would send to: contactus@clubfourpoints.com
[2026-03-21 11:46:02.000000] [Memory: 1.32MB] Inserting voucher_Details: MembershipNumber=11829061, VoucherBookletNumber=11000057
[2026-03-21 11:46:02.000000] [Memory: 1.32MB] SQL Query: insert into voucher_Details (MembershipNumber,VoucherBookletNumber)values('11829061','11000057')
[2026-03-21 11:46:02.000000] [Memory: 1.32MB] ✓ voucher_Details inserted successfully
[2026-03-21 11:46:02.000000] [Memory: 1.32MB] Committing transaction...
[2026-03-21 11:46:02.000000] [Memory: 1.32MB] ✓ Transaction committed successfully
[2026-03-21 11:46:02.000000] [Memory: 1.32MB] === SCRIPT COMPLETED SUCCESSFULLY ===
[2026-03-21 11:46:02.000000] [Memory: 1.32MB] Total execution time: 0.09 seconds
[2026-03-21 11:46:02.000000] [Memory: 1.32MB] Peak memory usage: 1.94MB
[2026-04-01 10:00:36.000000] [Memory: 0.4MB] === SCRIPT STARTED ===
[2026-04-01 10:00:36.000000] [Memory: 0.4MB] ⚠️ DEBUG MODE: Email API calls are DISABLED
[2026-04-01 10:00:36.000000] [Memory: 0.4MB] PHP Version: 7.4.33
[2026-04-01 10:00:36.000000] [Memory: 0.4MB] Memory Limit: 512M
[2026-04-01 10:00:36.000000] [Memory: 0.4MB] Max Execution Time: 300s
[2026-04-01 10:00:36.000000] [Memory: 0.4MB] Loading config files...
[2026-04-01 15:30:36.000000] [Memory: 0.48MB] ✓ config.php loaded successfully
[2026-04-01 15:30:36.000000] [Memory: 0.49MB] ✓ number_to_wordConvert.php loaded successfully
[2026-04-01 15:30:36.000000] [Memory: 0.49MB] Collecting POST data...
[2026-04-01 15:30:36.000000] [Memory: 0.49MB] Static_LeadID: 80555
[2026-04-01 15:30:36.000000] [Memory: 0.49MB] Attachment path set: https://sarsspl.com/Lead_Management/Loyaltician/clubfourpoints/Leadpdf/memberpdf/Mr. Anuj Pandey.pdf
[2026-04-01 15:30:36.000000] [Memory: 0.49MB] Loading TCPDF library...
[2026-04-01 15:30:36.000000] [Memory: 0.49MB] ✓ tcpdf_include.php loaded
[2026-04-01 15:30:36.000000] [Memory: 0.64MB] ✓ tcpdf.php loaded
[2026-04-01 15:30:36.000000] [Memory: 0.78MB] Creating PDF document...
[01-Apr-2026 15:30:36 Asia/Kolkata] PHP Warning:  chr() expects parameter 1 to be int, string given in /home/u444388293/domains/sarsspl.com/public_html/Lead_Management/Loyaltician/clubfourpoints/Leadpdf/generatepdf/TCPDF-master/include/tcpdf_fonts.php on line 1671
[2026-04-01 15:30:36.000000] [Memory: 0.82MB] ✓ PDF object created successfully
[2026-04-01 15:30:36.000000] [Memory: 0.82MB] Configuring PDF settings...
[2026-04-01 15:30:36.000000] [Memory: 0.84MB] ✓ PDF configured
[01-Apr-2026 15:30:36 Asia/Kolkata] PHP Notice:  Undefined variable: MembershipDetails_Level in /home/u444388293/domains/sarsspl.com/public_html/Lead_Management/Loyaltician/clubfourpoints/MemberCreation_Process.php on line 350
[01-Apr-2026 15:30:36 Asia/Kolkata] PHP Notice:  Undefined variable: MembershipDetails_Level in /home/u444388293/domains/sarsspl.com/public_html/Lead_Management/Loyaltician/clubfourpoints/MemberCreation_Process.php on line 350
[2026-04-01 15:30:36.000000] [Memory: 0.87MB] Querying Members table for LeadID: 80555
[2026-04-01 15:30:36.000000] [Memory: 0.89MB] ✓ Members data fetched, Level: 2
[2026-04-01 15:30:36.000000] [Memory: 0.89MB] Querying Level table...
[2026-04-01 15:30:36.000000] [Memory: 0.91MB] ✓ Level data fetched
[2026-04-01 15:30:36.000000] [Memory: 0.91MB] Querying voucher_Booklet table...
[2026-04-01 15:30:36.000000] [Memory: 0.92MB] ✓ Voucher booklet data fetched
[2026-04-01 15:30:36.000000] [Memory: 0.92MB] Starting database transaction...
[2026-04-01 15:30:36.000000] [Memory: 0.92MB] ✓ Transaction started
[2026-04-01 15:30:36.000000] [Memory: 0.92MB] Updating Members table...
[2026-04-01 15:30:36.000000] [Memory: 0.92MB] ✓ Members table updated successfully
[2026-04-01 15:30:36.000000] [Memory: 0.92MB] Updating Leads_table...
[2026-04-01 15:30:36.000000] [Memory: 0.92MB] ✓ Leads_table updated
[2026-04-01 15:30:36.000000] [Memory: 0.92MB] Updating voucher_Booklet...
[2026-04-01 15:30:36.000000] [Memory: 0.92MB] ✓ voucher_Booklet updated
[2026-04-01 15:30:36.000000] [Memory: 0.94MB] Inserting BarcodeScan records, count: 36
[2026-04-01 15:30:36.000000] [Memory: 0.94MB] ✓ BarcodeScan records inserted
[2026-04-01 15:30:36.000000] [Memory: 1.02MB] Processing membership level: 2
[2026-04-01 15:30:36.000000] [Memory: 1.25MB] ⚠ SKIPPING email to customer (Level 2 - Platinum) - Email disabled for debugging
[2026-04-01 15:30:36.000000] [Memory: 1.25MB] Would send to: pandeyanuj6996@gmail.com
[2026-04-01 15:30:36.000000] [Memory: 1.25MB] Preparing enrollment statistics...
[2026-04-01 15:30:36.000000] [Memory: 1.4MB] Preparing internal notification message...
[2026-04-01 15:30:36.000000] [Memory: 1.42MB] Building message1 table...
[2026-04-01 15:30:36.000000] [Memory: 1.35MB] ⚠ SKIPPING internal notification email - Email disabled for debugging
[2026-04-01 15:30:36.000000] [Memory: 1.35MB] Sending log details email...
[2026-04-01 15:30:36.000000] [Memory: 1.35MB] ⚠ SKIPPING log details email - Email disabled for debugging
[2026-04-01 15:30:36.000000] [Memory: 1.35MB] Would send to: contactus@clubfourpoints.com
[2026-04-01 15:30:36.000000] [Memory: 1.35MB] Inserting voucher_Details: MembershipNumber=14921811, VoucherBookletNumber=14001082
[2026-04-01 15:30:36.000000] [Memory: 1.35MB] SQL Query: insert into voucher_Details (MembershipNumber,VoucherBookletNumber)values('14921811','14001082')
[2026-04-01 15:30:36.000000] [Memory: 1.35MB] ✓ voucher_Details inserted successfully
[2026-04-01 15:30:36.000000] [Memory: 1.35MB] Committing transaction...
[2026-04-01 15:30:36.000000] [Memory: 1.35MB] ✓ Transaction committed successfully
[2026-04-01 15:30:36.000000] [Memory: 1.35MB] === SCRIPT COMPLETED SUCCESSFULLY ===
[2026-04-01 15:30:36.000000] [Memory: 1.35MB] Total execution time: 0.06 seconds
[2026-04-01 15:30:36.000000] [Memory: 1.35MB] Peak memory usage: 1.96MB
[2026-04-01 10:02:37.000000] [Memory: 0.4MB] === SCRIPT STARTED ===
[2026-04-01 10:02:37.000000] [Memory: 0.4MB] ⚠️ DEBUG MODE: Email API calls are DISABLED
[2026-04-01 10:02:37.000000] [Memory: 0.4MB] PHP Version: 7.4.33
[2026-04-01 10:02:37.000000] [Memory: 0.4MB] Memory Limit: 512M
[2026-04-01 10:02:37.000000] [Memory: 0.4MB] Max Execution Time: 300s
[2026-04-01 10:02:37.000000] [Memory: 0.4MB] Loading config files...
[2026-04-01 15:32:37.000000] [Memory: 0.48MB] ✓ config.php loaded successfully
[2026-04-01 15:32:37.000000] [Memory: 0.49MB] ✓ number_to_wordConvert.php loaded successfully
[2026-04-01 15:32:37.000000] [Memory: 0.49MB] Collecting POST data...
[2026-04-01 15:32:37.000000] [Memory: 0.49MB] Static_LeadID: 80556
[2026-04-01 15:32:37.000000] [Memory: 0.49MB] Attachment path set: https://sarsspl.com/Lead_Management/Loyaltician/clubfourpoints/Leadpdf/memberpdf/Mr. Sairaj Pandey.pdf
[2026-04-01 15:32:37.000000] [Memory: 0.49MB] Loading TCPDF library...
[2026-04-01 15:32:37.000000] [Memory: 0.49MB] ✓ tcpdf_include.php loaded
[2026-04-01 15:32:37.000000] [Memory: 0.64MB] ✓ tcpdf.php loaded
[2026-04-01 15:32:37.000000] [Memory: 0.78MB] Creating PDF document...
[01-Apr-2026 15:32:37 Asia/Kolkata] PHP Warning:  chr() expects parameter 1 to be int, string given in /home/u444388293/domains/sarsspl.com/public_html/Lead_Management/Loyaltician/clubfourpoints/Leadpdf/generatepdf/TCPDF-master/include/tcpdf_fonts.php on line 1671
[2026-04-01 15:32:37.000000] [Memory: 0.82MB] ✓ PDF object created successfully
[2026-04-01 15:32:37.000000] [Memory: 0.82MB] Configuring PDF settings...
[2026-04-01 15:32:37.000000] [Memory: 0.84MB] ✓ PDF configured
[01-Apr-2026 15:32:37 Asia/Kolkata] PHP Notice:  Undefined variable: MembershipDetails_Level in /home/u444388293/domains/sarsspl.com/public_html/Lead_Management/Loyaltician/clubfourpoints/MemberCreation_Process.php on line 350
[01-Apr-2026 15:32:37 Asia/Kolkata] PHP Notice:  Undefined variable: MembershipDetails_Level in /home/u444388293/domains/sarsspl.com/public_html/Lead_Management/Loyaltician/clubfourpoints/MemberCreation_Process.php on line 350
[2026-04-01 15:32:37.000000] [Memory: 0.87MB] Querying Members table for LeadID: 80556
[2026-04-01 15:32:37.000000] [Memory: 0.89MB] ✓ Members data fetched, Level: 2
[2026-04-01 15:32:37.000000] [Memory: 0.89MB] Querying Level table...
[2026-04-01 15:32:37.000000] [Memory: 0.91MB] ✓ Level data fetched
[2026-04-01 15:32:37.000000] [Memory: 0.91MB] Querying voucher_Booklet table...
[2026-04-01 15:32:37.000000] [Memory: 0.92MB] ✓ Voucher booklet data fetched
[2026-04-01 15:32:37.000000] [Memory: 0.92MB] Starting database transaction...
[2026-04-01 15:32:37.000000] [Memory: 0.92MB] ✓ Transaction started
[2026-04-01 15:32:37.000000] [Memory: 0.92MB] Updating Members table...
[2026-04-01 15:32:37.000000] [Memory: 0.92MB] ✓ Members table updated successfully
[2026-04-01 15:32:37.000000] [Memory: 0.92MB] Updating Leads_table...
[2026-04-01 15:32:37.000000] [Memory: 0.92MB] ✓ Leads_table updated
[2026-04-01 15:32:37.000000] [Memory: 0.92MB] Updating voucher_Booklet...
[2026-04-01 15:32:37.000000] [Memory: 0.92MB] ✓ voucher_Booklet updated
[2026-04-01 15:32:37.000000] [Memory: 0.94MB] Inserting BarcodeScan records, count: 36
[2026-04-01 15:32:37.000000] [Memory: 0.94MB] ✓ BarcodeScan records inserted
[2026-04-01 15:32:37.000000] [Memory: 1.02MB] Processing membership level: 2
[2026-04-01 15:32:37.000000] [Memory: 1.25MB] ⚠ SKIPPING email to customer (Level 2 - Platinum) - Email disabled for debugging
[2026-04-01 15:32:37.000000] [Memory: 1.25MB] Would send to: pandeysairaj98@gmail.com
[2026-04-01 15:32:37.000000] [Memory: 1.25MB] Preparing enrollment statistics...
[2026-04-01 15:32:37.000000] [Memory: 1.4MB] Preparing internal notification message...
[2026-04-01 15:32:37.000000] [Memory: 1.41MB] Building message1 table...
[2026-04-01 15:32:37.000000] [Memory: 1.35MB] ⚠ SKIPPING internal notification email - Email disabled for debugging
[2026-04-01 15:32:37.000000] [Memory: 1.35MB] Sending log details email...
[2026-04-01 15:32:37.000000] [Memory: 1.35MB] ⚠ SKIPPING log details email - Email disabled for debugging
[2026-04-01 15:32:37.000000] [Memory: 1.35MB] Would send to: contactus@clubfourpoints.com
[2026-04-01 15:32:37.000000] [Memory: 1.35MB] Inserting voucher_Details: MembershipNumber=14502501, VoucherBookletNumber=14001083
[2026-04-01 15:32:37.000000] [Memory: 1.35MB] SQL Query: insert into voucher_Details (MembershipNumber,VoucherBookletNumber)values('14502501','14001083')
[2026-04-01 15:32:37.000000] [Memory: 1.35MB] ✓ voucher_Details inserted successfully
[2026-04-01 15:32:37.000000] [Memory: 1.35MB] Committing transaction...
[2026-04-01 15:32:37.000000] [Memory: 1.35MB] ✓ Transaction committed successfully
[2026-04-01 15:32:37.000000] [Memory: 1.35MB] === SCRIPT COMPLETED SUCCESSFULLY ===
[2026-04-01 15:32:37.000000] [Memory: 1.35MB] Total execution time: 0.05 seconds
[2026-04-01 15:32:37.000000] [Memory: 1.35MB] Peak memory usage: 1.96MB
[2026-04-16 13:09:51.000000] [Memory: 0.39MB] === SCRIPT STARTED ===
[2026-04-16 13:09:51.000000] [Memory: 0.39MB] ⚠️ DEBUG MODE: Email API calls are DISABLED
[2026-04-16 13:09:51.000000] [Memory: 0.39MB] PHP Version: 7.4.33
[2026-04-16 13:09:51.000000] [Memory: 0.39MB] Memory Limit: 512M
[2026-04-16 13:09:51.000000] [Memory: 0.39MB] Max Execution Time: 300s
[2026-04-16 13:09:51.000000] [Memory: 0.39MB] Loading config files...
[2026-04-16 18:39:51.000000] [Memory: 0.48MB] ✓ config.php loaded successfully
[2026-04-16 18:39:51.000000] [Memory: 0.48MB] ✓ number_to_wordConvert.php loaded successfully
[2026-04-16 18:39:51.000000] [Memory: 0.48MB] Collecting POST data...
[2026-04-16 18:39:51.000000] [Memory: 0.48MB] Static_LeadID: 80557
[2026-04-16 18:39:51.000000] [Memory: 0.48MB] Attachment path set: https://sarsspl.com/Lead_Management/Loyaltician/clubfourpoints/Leadpdf/memberpdf/Mr. Aryan R Jaiswal.pdf
[2026-04-16 18:39:51.000000] [Memory: 0.48MB] Loading TCPDF library...
[2026-04-16 18:39:51.000000] [Memory: 0.48MB] ✓ tcpdf_include.php loaded
[16-Apr-2026 18:39:51 Asia/Kolkata] PHP Deprecated:  Array and string offset access syntax with curly braces is deprecated in /home/u444388293/domains/sarsspl.com/public_html/Lead_Management/Loyaltician/clubfourpoints/Leadpdf/generatepdf/TCPDF-master/tcpdf.php on line 16899
[16-Apr-2026 18:39:51 Asia/Kolkata] PHP Deprecated:  Array and string offset access syntax with curly braces is deprecated in /home/u444388293/domains/sarsspl.com/public_html/Lead_Management/Loyaltician/clubfourpoints/Leadpdf/generatepdf/TCPDF-master/tcpdf.php on line 16899
[16-Apr-2026 18:39:51 Asia/Kolkata] PHP Deprecated:  Array and string offset access syntax with curly braces is deprecated in /home/u444388293/domains/sarsspl.com/public_html/Lead_Management/Loyaltician/clubfourpoints/Leadpdf/generatepdf/TCPDF-master/tcpdf.php on line 16902
[16-Apr-2026 18:39:51 Asia/Kolkata] PHP Warning:  "continue" targeting switch is equivalent to "break". Did you mean to use "continue 2"? in /home/u444388293/domains/sarsspl.com/public_html/Lead_Management/Loyaltician/clubfourpoints/Leadpdf/generatepdf/TCPDF-master/tcpdf.php on line 17784
[16-Apr-2026 18:39:51 Asia/Kolkata] PHP Deprecated:  Array and string offset access syntax with curly braces is deprecated in /home/u444388293/domains/sarsspl.com/public_html/Lead_Management/Loyaltician/clubfourpoints/Leadpdf/generatepdf/TCPDF-master/include/tcpdf_images.php on line 318
[2026-04-16 18:39:51.000000] [Memory: 0.79MB] ✓ tcpdf.php loaded
[2026-04-16 18:39:51.000000] [Memory: 0.83MB] Creating PDF document...
[16-Apr-2026 18:39:51 Asia/Kolkata] PHP Warning:  chr() expects parameter 1 to be int, string given in /home/u444388293/domains/sarsspl.com/public_html/Lead_Management/Loyaltician/clubfourpoints/Leadpdf/generatepdf/TCPDF-master/include/tcpdf_fonts.php on line 1671
[2026-04-16 18:39:51.000000] [Memory: 0.87MB] ✓ PDF object created successfully
[2026-04-16 18:39:51.000000] [Memory: 0.87MB] Configuring PDF settings...
[2026-04-16 18:39:51.000000] [Memory: 0.89MB] ✓ PDF configured
[16-Apr-2026 18:39:51 Asia/Kolkata] PHP Notice:  Undefined variable: MembershipDetails_Level in /home/u444388293/domains/sarsspl.com/public_html/Lead_Management/Loyaltician/clubfourpoints/MemberCreation_Process.php on line 350
[16-Apr-2026 18:39:51 Asia/Kolkata] PHP Notice:  Undefined variable: MembershipDetails_Level in /home/u444388293/domains/sarsspl.com/public_html/Lead_Management/Loyaltician/clubfourpoints/MemberCreation_Process.php on line 350
[2026-04-16 18:39:51.000000] [Memory: 0.92MB] Querying Members table for LeadID: 80557
[2026-04-16 18:39:51.000000] [Memory: 0.94MB] ✓ Members data fetched, Level: 6
[2026-04-16 18:39:51.000000] [Memory: 0.94MB] Querying Level table...
[2026-04-16 18:39:51.000000] [Memory: 0.95MB] ✓ Level data fetched
[2026-04-16 18:39:51.000000] [Memory: 0.95MB] Querying voucher_Booklet table...
[2026-04-16 18:39:51.000000] [Memory: 0.97MB] ✓ Voucher booklet data fetched
[2026-04-16 18:39:51.000000] [Memory: 0.97MB] Starting database transaction...
[2026-04-16 18:39:51.000000] [Memory: 0.97MB] ✓ Transaction started
[2026-04-16 18:39:51.000000] [Memory: 0.97MB] Updating Members table...
[2026-04-16 18:39:51.000000] [Memory: 0.97MB] ✓ Members table updated successfully
[2026-04-16 18:39:51.000000] [Memory: 0.97MB] Updating Leads_table...
[2026-04-16 18:39:51.000000] [Memory: 0.97MB] ✓ Leads_table updated
[2026-04-16 18:39:51.000000] [Memory: 0.97MB] Updating voucher_Booklet...
[2026-04-16 18:39:51.000000] [Memory: 0.97MB] ✓ voucher_Booklet updated
[2026-04-16 18:39:51.000000] [Memory: 0.99MB] Inserting BarcodeScan records, count: 17
[2026-04-16 18:39:51.000000] [Memory: 0.99MB] ✓ BarcodeScan records inserted
[2026-04-16 18:39:51.000000] [Memory: 1.06MB] Processing membership level: 6
[2026-04-16 18:39:51.000000] [Memory: 1.06MB] Processing Level 6 - Silver membership...
[2026-04-16 18:39:51.000000] [Memory: 1.24MB] ⚠ SKIPPING email to customer (Level 6 - Silver) - Email disabled for debugging
[2026-04-16 18:39:51.000000] [Memory: 1.24MB] Would send to: rajashi14@gmail.com
[2026-04-16 18:39:51.000000] [Memory: 1.24MB] Preparing enrollment statistics...
[2026-04-16 18:39:51.000000] [Memory: 1.39MB] Preparing internal notification message...
[2026-04-16 18:39:51.000000] [Memory: 1.41MB] Building message1 table...
[2026-04-16 18:39:51.000000] [Memory: 1.37MB] ⚠ SKIPPING internal notification email - Email disabled for debugging
[2026-04-16 18:39:51.000000] [Memory: 1.37MB] Sending log details email...
[2026-04-16 18:39:51.000000] [Memory: 1.37MB] ⚠ SKIPPING log details email - Email disabled for debugging
[2026-04-16 18:39:51.000000] [Memory: 1.37MB] Would send to: contactus@clubfourpoints.com
[2026-04-16 18:39:51.000000] [Memory: 1.37MB] Inserting voucher_Details: MembershipNumber=11655811, VoucherBookletNumber=11000060
[2026-04-16 18:39:51.000000] [Memory: 1.37MB] SQL Query: insert into voucher_Details (MembershipNumber,VoucherBookletNumber)values('11655811','11000060')
[2026-04-16 18:39:51.000000] [Memory: 1.37MB] ✓ voucher_Details inserted successfully
[2026-04-16 18:39:51.000000] [Memory: 1.37MB] Committing transaction...
[2026-04-16 18:39:51.000000] [Memory: 1.37MB] ✓ Transaction committed successfully
[2026-04-16 18:39:51.000000] [Memory: 1.37MB] === SCRIPT COMPLETED SUCCESSFULLY ===
[2026-04-16 18:39:51.000000] [Memory: 1.37MB] Total execution time: 0.14 seconds
[2026-04-16 18:39:51.000000] [Memory: 1.37MB] Peak memory usage: 13.19MB
[2026-05-14 06:11:51.000000] [Memory: 0.39MB] === SCRIPT STARTED ===
[2026-05-14 06:11:51.000000] [Memory: 0.39MB] ⚠️ DEBUG MODE: Email API calls are DISABLED
[2026-05-14 06:11:51.000000] [Memory: 0.39MB] PHP Version: 7.4.33
[2026-05-14 06:11:51.000000] [Memory: 0.39MB] Memory Limit: 512M
[2026-05-14 06:11:51.000000] [Memory: 0.39MB] Max Execution Time: 300s
[2026-05-14 06:11:51.000000] [Memory: 0.39MB] Loading config files...
[2026-05-14 11:41:51.000000] [Memory: 0.48MB] ✓ config.php loaded successfully
[2026-05-14 11:41:51.000000] [Memory: 0.48MB] ✓ number_to_wordConvert.php loaded successfully
[2026-05-14 11:41:51.000000] [Memory: 0.48MB] Collecting POST data...
[2026-05-14 11:41:51.000000] [Memory: 0.48MB] Static_LeadID: 80558
[2026-05-14 11:41:51.000000] [Memory: 0.48MB] Attachment path set: https://sarsspl.com/Lead_Management/Loyaltician/clubfourpoints/Leadpdf/memberpdf/Dr. Shafique Ahmed.pdf
[2026-05-14 11:41:51.000000] [Memory: 0.48MB] Loading TCPDF library...
[2026-05-14 11:41:51.000000] [Memory: 0.48MB] ✓ tcpdf_include.php loaded
[14-May-2026 11:41:51 Asia/Kolkata] PHP Deprecated:  Array and string offset access syntax with curly braces is deprecated in /home/u444388293/domains/sarsspl.com/public_html/Lead_Management/Loyaltician/clubfourpoints/Leadpdf/generatepdf/TCPDF-master/tcpdf.php on line 16899
[14-May-2026 11:41:51 Asia/Kolkata] PHP Deprecated:  Array and string offset access syntax with curly braces is deprecated in /home/u444388293/domains/sarsspl.com/public_html/Lead_Management/Loyaltician/clubfourpoints/Leadpdf/generatepdf/TCPDF-master/tcpdf.php on line 16899
[14-May-2026 11:41:51 Asia/Kolkata] PHP Deprecated:  Array and string offset access syntax with curly braces is deprecated in /home/u444388293/domains/sarsspl.com/public_html/Lead_Management/Loyaltician/clubfourpoints/Leadpdf/generatepdf/TCPDF-master/tcpdf.php on line 16902
[14-May-2026 11:41:51 Asia/Kolkata] PHP Warning:  "continue" targeting switch is equivalent to "break". Did you mean to use "continue 2"? in /home/u444388293/domains/sarsspl.com/public_html/Lead_Management/Loyaltician/clubfourpoints/Leadpdf/generatepdf/TCPDF-master/tcpdf.php on line 17784
[14-May-2026 11:41:51 Asia/Kolkata] PHP Deprecated:  Array and string offset access syntax with curly braces is deprecated in /home/u444388293/domains/sarsspl.com/public_html/Lead_Management/Loyaltician/clubfourpoints/Leadpdf/generatepdf/TCPDF-master/include/tcpdf_images.php on line 318
[2026-05-14 11:41:51.000000] [Memory: 0.79MB] ✓ tcpdf.php loaded
[2026-05-14 11:41:51.000000] [Memory: 0.83MB] Creating PDF document...
[14-May-2026 11:41:51 Asia/Kolkata] PHP Warning:  chr() expects parameter 1 to be int, string given in /home/u444388293/domains/sarsspl.com/public_html/Lead_Management/Loyaltician/clubfourpoints/Leadpdf/generatepdf/TCPDF-master/include/tcpdf_fonts.php on line 1671
[2026-05-14 11:41:51.000000] [Memory: 0.87MB] ✓ PDF object created successfully
[2026-05-14 11:41:51.000000] [Memory: 0.87MB] Configuring PDF settings...
[2026-05-14 11:41:51.000000] [Memory: 0.89MB] ✓ PDF configured
[14-May-2026 11:41:51 Asia/Kolkata] PHP Notice:  Undefined variable: MembershipDetails_Level in /home/u444388293/domains/sarsspl.com/public_html/Lead_Management/Loyaltician/clubfourpoints/MemberCreation_Process.php on line 350
[14-May-2026 11:41:51 Asia/Kolkata] PHP Notice:  Undefined variable: MembershipDetails_Level in /home/u444388293/domains/sarsspl.com/public_html/Lead_Management/Loyaltician/clubfourpoints/MemberCreation_Process.php on line 350
[2026-05-14 11:41:51.000000] [Memory: 0.92MB] Querying Members table for LeadID: 80558
[2026-05-14 11:41:51.000000] [Memory: 0.94MB] ✓ Members data fetched, Level: 2
[2026-05-14 11:41:51.000000] [Memory: 0.94MB] Querying Level table...
[2026-05-14 11:41:51.000000] [Memory: 0.95MB] ✓ Level data fetched
[2026-05-14 11:41:51.000000] [Memory: 0.95MB] Querying voucher_Booklet table...
[2026-05-14 11:41:51.000000] [Memory: 0.97MB] ✓ Voucher booklet data fetched
[2026-05-14 11:41:51.000000] [Memory: 0.97MB] Starting database transaction...
[2026-05-14 11:41:51.000000] [Memory: 0.97MB] ✓ Transaction started
[2026-05-14 11:41:51.000000] [Memory: 0.97MB] Updating Members table...
[2026-05-14 11:41:51.000000] [Memory: 0.97MB] ✓ Members table updated successfully
[2026-05-14 11:41:51.000000] [Memory: 0.97MB] Updating Leads_table...
[2026-05-14 11:41:51.000000] [Memory: 0.97MB] ✓ Leads_table updated
[2026-05-14 11:41:51.000000] [Memory: 0.97MB] Updating voucher_Booklet...
[2026-05-14 11:41:51.000000] [Memory: 0.97MB] ✓ voucher_Booklet updated
[2026-05-14 11:41:51.000000] [Memory: 0.99MB] Inserting BarcodeScan records, count: 36
[2026-05-14 11:41:51.000000] [Memory: 0.99MB] ✓ BarcodeScan records inserted
[2026-05-14 11:41:51.000000] [Memory: 1.06MB] Processing membership level: 2
[2026-05-14 11:41:51.000000] [Memory: 1.3MB] ⚠ SKIPPING email to customer (Level 2 - Platinum) - Email disabled for debugging
[2026-05-14 11:41:51.000000] [Memory: 1.3MB] Would send to: samomin79@gmail.com
[2026-05-14 11:41:51.000000] [Memory: 1.3MB] Preparing enrollment statistics...
[2026-05-14 11:41:51.000000] [Memory: 1.45MB] Preparing internal notification message...
[2026-05-14 11:41:51.000000] [Memory: 1.46MB] Building message1 table...
[2026-05-14 11:41:51.000000] [Memory: 1.4MB] ⚠ SKIPPING internal notification email - Email disabled for debugging
[2026-05-14 11:41:51.000000] [Memory: 1.4MB] Sending log details email...
[2026-05-14 11:41:51.000000] [Memory: 1.4MB] ⚠ SKIPPING log details email - Email disabled for debugging
[2026-05-14 11:41:51.000000] [Memory: 1.4MB] Would send to: contactus@clubfourpoints.com
[2026-05-14 11:41:51.000000] [Memory: 1.4MB] Inserting voucher_Details: MembershipNumber=14270651, VoucherBookletNumber=14001103
[2026-05-14 11:41:51.000000] [Memory: 1.4MB] SQL Query: insert into voucher_Details (MembershipNumber,VoucherBookletNumber)values('14270651','14001103')
[2026-05-14 11:41:51.000000] [Memory: 1.4MB] ✓ voucher_Details inserted successfully
[2026-05-14 11:41:51.000000] [Memory: 1.4MB] Committing transaction...
[2026-05-14 11:41:51.000000] [Memory: 1.4MB] ✓ Transaction committed successfully
[2026-05-14 11:41:51.000000] [Memory: 1.4MB] === SCRIPT COMPLETED SUCCESSFULLY ===
[2026-05-14 11:41:51.000000] [Memory: 1.4MB] Total execution time: 0.14 seconds
[2026-05-14 11:41:51.000000] [Memory: 1.4MB] Peak memory usage: 13.19MB
[2026-05-23 11:46:37.000000] [Memory: 0.39MB] === SCRIPT STARTED ===
[2026-05-23 11:46:37.000000] [Memory: 0.39MB] ⚠️ DEBUG MODE: Email API calls are DISABLED
[2026-05-23 11:46:37.000000] [Memory: 0.39MB] PHP Version: 7.4.33
[2026-05-23 11:46:37.000000] [Memory: 0.39MB] Memory Limit: 512M
[2026-05-23 11:46:37.000000] [Memory: 0.39MB] Max Execution Time: 300s
[2026-05-23 11:46:37.000000] [Memory: 0.39MB] Loading config files...
[2026-05-23 17:16:37.000000] [Memory: 0.48MB] ✓ config.php loaded successfully
[2026-05-23 17:16:37.000000] [Memory: 0.48MB] ✓ number_to_wordConvert.php loaded successfully
[2026-05-23 17:16:37.000000] [Memory: 0.48MB] Collecting POST data...
[2026-05-23 17:16:37.000000] [Memory: 0.48MB] Static_LeadID: 77956
[2026-05-23 17:16:37.000000] [Memory: 0.48MB] Attachment path set: https://sarsspl.com/Lead_Management/Loyaltician/clubfourpoints/Leadpdf/memberpdf/Mrs. Deepika Rajan.pdf
[2026-05-23 17:16:37.000000] [Memory: 0.48MB] Loading TCPDF library...
[2026-05-23 17:16:37.000000] [Memory: 0.48MB] ✓ tcpdf_include.php loaded
[23-May-2026 17:16:37 Asia/Kolkata] PHP Deprecated:  Array and string offset access syntax with curly braces is deprecated in /home/u444388293/domains/sarsspl.com/public_html/Lead_Management/Loyaltician/clubfourpoints/Leadpdf/generatepdf/TCPDF-master/tcpdf.php on line 16899
[23-May-2026 17:16:37 Asia/Kolkata] PHP Deprecated:  Array and string offset access syntax with curly braces is deprecated in /home/u444388293/domains/sarsspl.com/public_html/Lead_Management/Loyaltician/clubfourpoints/Leadpdf/generatepdf/TCPDF-master/tcpdf.php on line 16899
[23-May-2026 17:16:37 Asia/Kolkata] PHP Deprecated:  Array and string offset access syntax with curly braces is deprecated in /home/u444388293/domains/sarsspl.com/public_html/Lead_Management/Loyaltician/clubfourpoints/Leadpdf/generatepdf/TCPDF-master/tcpdf.php on line 16902
[23-May-2026 17:16:37 Asia/Kolkata] PHP Warning:  "continue" targeting switch is equivalent to "break". Did you mean to use "continue 2"? in /home/u444388293/domains/sarsspl.com/public_html/Lead_Management/Loyaltician/clubfourpoints/Leadpdf/generatepdf/TCPDF-master/tcpdf.php on line 17784
[23-May-2026 17:16:37 Asia/Kolkata] PHP Deprecated:  Array and string offset access syntax with curly braces is deprecated in /home/u444388293/domains/sarsspl.com/public_html/Lead_Management/Loyaltician/clubfourpoints/Leadpdf/generatepdf/TCPDF-master/include/tcpdf_images.php on line 318
[2026-05-23 17:16:37.000000] [Memory: 0.79MB] ✓ tcpdf.php loaded
[2026-05-23 17:16:37.000000] [Memory: 0.83MB] Creating PDF document...
[23-May-2026 17:16:37 Asia/Kolkata] PHP Warning:  chr() expects parameter 1 to be int, string given in /home/u444388293/domains/sarsspl.com/public_html/Lead_Management/Loyaltician/clubfourpoints/Leadpdf/generatepdf/TCPDF-master/include/tcpdf_fonts.php on line 1671
[2026-05-23 17:16:37.000000] [Memory: 0.87MB] ✓ PDF object created successfully
[2026-05-23 17:16:37.000000] [Memory: 0.87MB] Configuring PDF settings...
[2026-05-23 17:16:37.000000] [Memory: 0.89MB] ✓ PDF configured
[23-May-2026 17:16:37 Asia/Kolkata] PHP Notice:  Undefined variable: MembershipDetails_Level in /home/u444388293/domains/sarsspl.com/public_html/Lead_Management/Loyaltician/clubfourpoints/MemberCreation_Process.php on line 350
[23-May-2026 17:16:37 Asia/Kolkata] PHP Notice:  Undefined variable: MembershipDetails_Level in /home/u444388293/domains/sarsspl.com/public_html/Lead_Management/Loyaltician/clubfourpoints/MemberCreation_Process.php on line 350
[2026-05-23 17:16:37.000000] [Memory: 0.92MB] Querying Members table for LeadID: 77956
[2026-05-23 17:16:37.000000] [Memory: 0.94MB] ✓ Members data fetched, Level: 1
[2026-05-23 17:16:37.000000] [Memory: 0.94MB] Querying Level table...
[2026-05-23 17:16:37.000000] [Memory: 0.95MB] ✓ Level data fetched
[2026-05-23 17:16:37.000000] [Memory: 0.95MB] Querying voucher_Booklet table...
[2026-05-23 17:16:37.000000] [Memory: 0.97MB] ✓ Voucher booklet data fetched
[2026-05-23 17:16:37.000000] [Memory: 0.97MB] Starting database transaction...
[2026-05-23 17:16:37.000000] [Memory: 0.97MB] ✓ Transaction started
[2026-05-23 17:16:37.000000] [Memory: 0.97MB] Updating Members table...
[2026-05-23 17:16:37.000000] [Memory: 0.97MB] ✓ Members table updated successfully
[2026-05-23 17:16:37.000000] [Memory: 0.97MB] Updating Leads_table...
[2026-05-23 17:16:37.000000] [Memory: 0.97MB] ✓ Leads_table updated
[2026-05-23 17:16:37.000000] [Memory: 0.97MB] Updating voucher_Booklet...
[2026-05-23 17:16:37.000000] [Memory: 0.97MB] ✓ voucher_Booklet updated
[2026-05-23 17:16:37.000000] [Memory: 0.99MB] Inserting BarcodeScan records, count: 27
[2026-05-23 17:16:37.000000] [Memory: 0.99MB] ✓ BarcodeScan records inserted
[2026-05-23 17:16:37.000000] [Memory: 1.06MB] Processing membership level: 1
[2026-05-23 17:16:37.000000] [Memory: 1.06MB] Creating Gold membership email and PDF...
[2026-05-23 17:16:37.000000] [Memory: 1.27MB] ⚠ SKIPPING email to customer (Level 1 - Gold) - Email disabled for debugging
[2026-05-23 17:16:37.000000] [Memory: 1.27MB] Would send to: deeraj1313@gmail.com
[2026-05-23 17:16:37.000000] [Memory: 1.27MB] Preparing enrollment statistics...
[2026-05-23 17:16:37.000000] [Memory: 1.42MB] Preparing internal notification message...
[2026-05-23 17:16:37.000000] [Memory: 1.43MB] Building message1 table...
[2026-05-23 17:16:37.000000] [Memory: 1.38MB] ⚠ SKIPPING internal notification email - Email disabled for debugging
[2026-05-23 17:16:37.000000] [Memory: 1.38MB] Sending log details email...
[2026-05-23 17:16:37.000000] [Memory: 1.38MB] ⚠ SKIPPING log details email - Email disabled for debugging
[2026-05-23 17:16:37.000000] [Memory: 1.38MB] Would send to: contactus@clubfourpoints.com
[2026-05-23 17:16:37.000000] [Memory: 1.38MB] Inserting voucher_Details: MembershipNumber=12925561, VoucherBookletNumber=12000624
[2026-05-23 17:16:37.000000] [Memory: 1.38MB] SQL Query: insert into voucher_Details (MembershipNumber,VoucherBookletNumber)values('12925561','12000624')
[2026-05-23 17:16:37.000000] [Memory: 1.38MB] ✓ voucher_Details inserted successfully
[2026-05-23 17:16:37.000000] [Memory: 1.38MB] Committing transaction...
[2026-05-23 17:16:37.000000] [Memory: 1.38MB] ✓ Transaction committed successfully
[2026-05-23 17:16:37.000000] [Memory: 1.38MB] === SCRIPT COMPLETED SUCCESSFULLY ===
[2026-05-23 17:16:37.000000] [Memory: 1.38MB] Total execution time: 0.13 seconds
[2026-05-23 17:16:37.000000] [Memory: 1.38MB] Peak memory usage: 12.73MB
[2026-06-03 12:49:10.000000] [Memory: 0.39MB] === SCRIPT STARTED ===
[2026-06-03 12:49:10.000000] [Memory: 0.39MB] ⚠️ DEBUG MODE: Email API calls are DISABLED
[2026-06-03 12:49:10.000000] [Memory: 0.39MB] PHP Version: 7.4.33
[2026-06-03 12:49:10.000000] [Memory: 0.39MB] Memory Limit: 512M
[2026-06-03 12:49:10.000000] [Memory: 0.39MB] Max Execution Time: 300s
[2026-06-03 12:49:10.000000] [Memory: 0.39MB] Loading config files...
[2026-06-03 18:19:10.000000] [Memory: 0.48MB] ✓ config.php loaded successfully
[2026-06-03 18:19:10.000000] [Memory: 0.48MB] ✓ number_to_wordConvert.php loaded successfully
[2026-06-03 18:19:10.000000] [Memory: 0.48MB] Collecting POST data...
[2026-06-03 18:19:10.000000] [Memory: 0.48MB] Static_LeadID: 80561
[2026-06-03 18:19:10.000000] [Memory: 0.48MB] Attachment path set: https://sarsspl.com/Lead_Management/Loyaltician/clubfourpoints/Leadpdf/memberpdf/Mrs. Anukamna Sonkar.pdf
[2026-06-03 18:19:10.000000] [Memory: 0.48MB] Loading TCPDF library...
[2026-06-03 18:19:10.000000] [Memory: 0.48MB] ✓ tcpdf_include.php loaded
[03-Jun-2026 18:19:10 Asia/Kolkata] PHP Deprecated:  Array and string offset access syntax with curly braces is deprecated in /home/u444388293/domains/sarsspl.com/public_html/Lead_Management/Loyaltician/clubfourpoints/Leadpdf/generatepdf/TCPDF-master/tcpdf.php on line 16899
[03-Jun-2026 18:19:10 Asia/Kolkata] PHP Deprecated:  Array and string offset access syntax with curly braces is deprecated in /home/u444388293/domains/sarsspl.com/public_html/Lead_Management/Loyaltician/clubfourpoints/Leadpdf/generatepdf/TCPDF-master/tcpdf.php on line 16899
[03-Jun-2026 18:19:10 Asia/Kolkata] PHP Deprecated:  Array and string offset access syntax with curly braces is deprecated in /home/u444388293/domains/sarsspl.com/public_html/Lead_Management/Loyaltician/clubfourpoints/Leadpdf/generatepdf/TCPDF-master/tcpdf.php on line 16902
[03-Jun-2026 18:19:10 Asia/Kolkata] PHP Warning:  "continue" targeting switch is equivalent to "break". Did you mean to use "continue 2"? in /home/u444388293/domains/sarsspl.com/public_html/Lead_Management/Loyaltician/clubfourpoints/Leadpdf/generatepdf/TCPDF-master/tcpdf.php on line 17784
[03-Jun-2026 18:19:10 Asia/Kolkata] PHP Deprecated:  Array and string offset access syntax with curly braces is deprecated in /home/u444388293/domains/sarsspl.com/public_html/Lead_Management/Loyaltician/clubfourpoints/Leadpdf/generatepdf/TCPDF-master/include/tcpdf_images.php on line 318
[2026-06-03 18:19:10.000000] [Memory: 0.79MB] ✓ tcpdf.php loaded
[2026-06-03 18:19:10.000000] [Memory: 0.83MB] Creating PDF document...
[03-Jun-2026 18:19:10 Asia/Kolkata] PHP Warning:  chr() expects parameter 1 to be int, string given in /home/u444388293/domains/sarsspl.com/public_html/Lead_Management/Loyaltician/clubfourpoints/Leadpdf/generatepdf/TCPDF-master/include/tcpdf_fonts.php on line 1671
[2026-06-03 18:19:10.000000] [Memory: 0.87MB] ✓ PDF object created successfully
[2026-06-03 18:19:10.000000] [Memory: 0.87MB] Configuring PDF settings...
[2026-06-03 18:19:10.000000] [Memory: 0.89MB] ✓ PDF configured
[03-Jun-2026 18:19:10 Asia/Kolkata] PHP Notice:  Undefined variable: MembershipDetails_Level in /home/u444388293/domains/sarsspl.com/public_html/Lead_Management/Loyaltician/clubfourpoints/MemberCreation_Process.php on line 350
[03-Jun-2026 18:19:10 Asia/Kolkata] PHP Notice:  Undefined variable: MembershipDetails_Level in /home/u444388293/domains/sarsspl.com/public_html/Lead_Management/Loyaltician/clubfourpoints/MemberCreation_Process.php on line 350
[2026-06-03 18:19:10.000000] [Memory: 0.92MB] Querying Members table for LeadID: 80561
[2026-06-03 18:19:10.000000] [Memory: 0.94MB] ✓ Members data fetched, Level: 2
[2026-06-03 18:19:10.000000] [Memory: 0.94MB] Querying Level table...
[2026-06-03 18:19:10.000000] [Memory: 0.95MB] ✓ Level data fetched
[2026-06-03 18:19:10.000000] [Memory: 0.95MB] Querying voucher_Booklet table...
[2026-06-03 18:19:10.000000] [Memory: 0.97MB] ✓ Voucher booklet data fetched
[2026-06-03 18:19:10.000000] [Memory: 0.97MB] Starting database transaction...
[2026-06-03 18:19:10.000000] [Memory: 0.97MB] ✓ Transaction started
[2026-06-03 18:19:10.000000] [Memory: 0.97MB] Updating Members table...
[2026-06-03 18:19:10.000000] [Memory: 0.97MB] ✓ Members table updated successfully
[2026-06-03 18:19:10.000000] [Memory: 0.97MB] Updating Leads_table...
[2026-06-03 18:19:10.000000] [Memory: 0.97MB] ✓ Leads_table updated
[2026-06-03 18:19:10.000000] [Memory: 0.97MB] Updating voucher_Booklet...
[2026-06-03 18:19:10.000000] [Memory: 0.97MB] ✓ voucher_Booklet updated
[2026-06-03 18:19:10.000000] [Memory: 0.99MB] Inserting BarcodeScan records, count: 36
[2026-06-03 18:19:10.000000] [Memory: 0.99MB] ✓ BarcodeScan records inserted
[2026-06-03 18:19:10.000000] [Memory: 1.06MB] Processing membership level: 2
[2026-06-03 18:19:10.000000] [Memory: 1.3MB] ⚠ SKIPPING email to customer (Level 2 - Platinum) - Email disabled for debugging
[2026-06-03 18:19:10.000000] [Memory: 1.3MB] Would send to: anukamna.sonkar@martechsimplified.com
[2026-06-03 18:19:10.000000] [Memory: 1.3MB] Preparing enrollment statistics...
[2026-06-03 18:19:10.000000] [Memory: 1.45MB] Preparing internal notification message...
[2026-06-03 18:19:10.000000] [Memory: 1.46MB] Building message1 table...
[2026-06-03 18:19:10.000000] [Memory: 1.4MB] ⚠ SKIPPING internal notification email - Email disabled for debugging
[2026-06-03 18:19:10.000000] [Memory: 1.4MB] Sending log details email...
[2026-06-03 18:19:10.000000] [Memory: 1.4MB] ⚠ SKIPPING log details email - Email disabled for debugging
[2026-06-03 18:19:10.000000] [Memory: 1.4MB] Would send to: contactus@clubfourpoints.com
[2026-06-03 18:19:10.000000] [Memory: 1.4MB] Inserting voucher_Details: MembershipNumber=14732241, VoucherBookletNumber=14001106
[2026-06-03 18:19:10.000000] [Memory: 1.4MB] SQL Query: insert into voucher_Details (MembershipNumber,VoucherBookletNumber)values('14732241','14001106')
[2026-06-03 18:19:10.000000] [Memory: 1.4MB] ✓ voucher_Details inserted successfully
[2026-06-03 18:19:10.000000] [Memory: 1.4MB] Committing transaction...
[2026-06-03 18:19:10.000000] [Memory: 1.4MB] ✓ Transaction committed successfully
[2026-06-03 18:19:10.000000] [Memory: 1.4MB] === SCRIPT COMPLETED SUCCESSFULLY ===
[2026-06-03 18:19:10.000000] [Memory: 1.4MB] Total execution time: 0.14 seconds
[2026-06-03 18:19:10.000000] [Memory: 1.4MB] Peak memory usage: 13.23MB
